Customer_ID,Customer_Name,Year,Total_Profit
MO-17800,Meg OConnel,2016,5.50
CC-12475,Cindy Chapman,2017,40.35
MP-18175,Mike Pelletier,2014,-125.29
TH-21115,Thea Hudgings,2017,-181.36
JL-15235,Janet Lee,2017,88.19
VW-21775,Victoria Wilson,2015,-1186.41
RE-19450,Richard Eichhorn,2015,211.06
ND-18370,Natalie DeCherney,2014,47.61
VF-21715,Vicky Freymann,2017,62.48
JG-15805,John Grady,2015,8.69
AB-10105,Adrian Barton,2016,4748.27
AR-10510,Andrew Roberts,2014,-8.41
AP-10915,Arthur Prichep,2017,-179.86
MP-18175,Mike Pelletier,2015,526.73
AC-10615,Ann Chong,2017,330.91
CD-11980,Carol Darley,2017,-214.46
PB-18805,Patrick Bzostek,2016,95.85
FM-14380,Fred McMath,2016,134.91
MA-17560,Matt Abelman,2016,28.38
PK-19075,Pete Kriz,2014,13.32
AB-10255,Alejandro Ballentine,2014,6.49
AG-10675,Anna Gayman,2016,-281.56
TC-21475,Tony Chapman,2016,32.39
JE-15715,Joe Elijah,2014,-59.80
KH-16360,Katherine Hughes,2017,502.51
AA-10480,Andrew Allen,2016,420.75
VM-21685,Valerie Mitchum,2016,371.70
MS-17980,Michael Stewart,2017,-20.38
LL-16840,Lauren Leatherbury,2015,404.91
NC-18625,Noah Childs,2015,16.85
JM-15535,Jessica Myrick,2014,58.99
GM-14500,Gene McClure,2016,17.57
DB-13405,Denny Blanton,2017,172.59
MP-17965,Michael Paige,2017,116.45
KT-16465,Kean Takahito,2015,28.81
JE-15610,Jim Epp,2016,22.24
CC-12670,Craig Carreira,2015,8.57
EM-14140,Eugene Moren,2016,968.57
MC-17425,Mark Cousins,2016,1610.20
FM-14215,Filia McAdams,2016,45.93
AH-10210,Alan Hwang,2015,269.15
TP-21415,Tom Prescott,2017,-1060.79
JM-16195,Justin MacKendrick,2017,235.11
BP-11230,Benjamin Patterson,2014,27.56
RD-19585,Rob Dowd,2014,341.38
LC-16885,Lena Creighton,2014,201.07
RB-19795,Ross Baird,2014,7.49
BM-11650,Brian Moss,2017,1937.73
TB-21595,Troy Blackwell,2014,6.75
KB-16405,Kat rina Bavinger,2017,230.90
PF-19225,Phillip Flathmann,2017,78.02
JB-15400,Jennifer Braxton,2015,128.05
MC-17605,Matt Connell,2015,13.08
ND-18460,Neil Ducich,2015,18.66
CS-12490,Cindy Schnelling,2016,-244.73
JM-15265,Janet Molinari,2017,149.28
HE-14800,Harold Engle,2016,112.71
TH-21550,Tracy Hopkins,2014,26.63
MC-17575,Matt Collins,2014,-6.34
JD-16015,Joy Daniels,2014,-10.34
DB-13210,Dean Braden,2017,277.97
BT-11530,Bradley Talbott,2016,-4.38
SA-20830,Sue Ann Reed,2017,177.85
JM-15250,Janet Martin,2016,155.23
GA-14725,Guy Armstrong,2014,101.45
ES-14020,Erica Smith,2015,44.05
AG-10390,Allen Goldenen,2016,-7.00
SM-20905,Susan MacKendrick,2016,-16510.34
JL-15175,James Lanier,2014,59.49
SC-20095,Sanjit Chand,2017,5.84
MG-17875,Michael Grace,2016,62.24
ND-18370,Natalie DeCherney,2015,330.80
SC-20725,Steven Cartwright,2016,273.18
JD-15790,John Dryer,2015,-313.52
MC-17275,Marc Crier,2017,7.22
BS-11380,Bil Stewart,2014,3.95
KF-16285,Karen Ferguson,2017,1206.84
BF-11080,Bart Folk,2017,107.03
SJ-20125,Sanjit Jacobs,2017,-56.58
CL-12700,Craig Leslie,2016,64.09
LO-17170,Lori Olson,2017,115.71
DM-12955,Dario Medina,2015,42.96
HJ-14875,Heather Jas,2017,13.97
JJ-15445,Jennifer Jackson,2015,181.85
EA-14035,Erin Ashbrook,2017,21.83
YC-21895,Yoseph Carroll,2015,7.07
JC-16105,Julie Creighton,2015,62.81
JG-15160,James Galang,2014,378.39
JB-15400,Jennifer Braxton,2017,251.19
KL-16645,Ken Lonsdale,2014,395.60
BF-11170,Ben Ferrer,2016,697.47
DL-13315,Delfina Latchford,2016,206.58
AT-10435,Alyssa Tate,2016,6.43
AT-10435,Alyssa Tate,2017,96.13
TC-20980,Tamara Chand,2014,178.65
TS-21085,Thais Sissman,2017,-1.97
TH-21235,Tiffany House,2016,70.78
AR-10825,Anthony Rawles,2017,105.07
FO-14305,Frank Olsen,2015,18.99
JE-15715,Joe Elijah,2016,1210.66
JB-16045,Julia Barnett,2016,84.97
AG-10270,Alejandro Grove,2016,696.30
CW-11905,Carl Weiss,2014,17.16
TC-21535,Tracy Collins,2017,22.41
MY-17380,Maribeth Yedwab,2015,2.65
JG-15805,John Grady,2016,91.13
SH-20395,ShahiHopkins,2015,2.24
SH-20395,ShahiHopkins,2016,-1.48
LP-17095,Liz Preis,2016,79.36
AG-10765,Anthony Garverick,2015,61.71
DS-13180,David Smith,2017,-29.56
DP-13000,Darren Powers,2015,260.74
MW-18220,Mitch Webber,2017,8.49
SF-20065,Sandra Flanagan,2014,98.59
BT-11485,Brad Thomas,2015,117.39
GT-14635,Grant Thornton,2014,-292.19
NC-18340,Nat Carroll,2014,11.16
MH-17620,Matt Hagelstein,2017,108.05
DH-13675,Duane Huffman,2014,87.79
JE-15610,Jim Epp,2017,1703.57
JH-15430,Jennifer Halladay,2017,-42.85
CP-12340,Christine Phan,2017,-17.02
SH-19975,NA,2017,129.85
HP-14815,Harold Pawlan,2017,293.88
GM-14695,Greg Maxwell,2016,175.36
AJ-10795,Anthony Johnson,2017,255.24
MC-17575,Matt Collins,2016,15.59
MO-17800,Meg OConnel,2015,-16.97
SM-20005,Sally Matthias,2014,51.25
SP-20620,Stefania Perrino,2015,-0.62
LF-17185,Luke Foster,2014,-3802.08
MG-17650,Matthew Grinstein,2016,204.85
CD-12790,Cynthia Delaney,2016,346.71
AS-10240,Alan Shonely,2017,-31.92
KD-16495,Keith Dawkins,2017,134.84
CM-12715,Craig M olinari,2014,206.22
SC-20305,Sean Christensen,2015,0.00
JC-15340,Jasper Cacioppo,2017,2.40
CS-12250,Chris Selesnick,2015,95.26
NC-18340,Nat Carroll,2015,326.28
DP-13105,Dave Poirier,2016,486.12
BB-10990,Barry Blumstein,2017,6.92
AR-10510,Andrew Roberts,2017,5.18
JH-16180,Justin Hirsh,2015,106.41
Dp-13240,Dean perceR,2014,100.92
AS-10240,Alan Shonely,2015,5.08
EM-14200,Evan Minnotte,2015,4.00
NP-18670,Nra Paige,2017,186.21
HA-14920,Helen Andreada,2016,-55.04
JL-15130,Jack Lebron,2014,9.87
RS-19765,Roland Schwarz,2014,552.00
FH-14365,Fred Hopkins,2015,2139.74
MS-17710,Maurice Satty,2015,299.80
DM-12955,Dario Medina,2017,7.14
KM-16375,Katherine Murray,2016,128.90
CV-12805,Cynthia Voltz,2016,-35.39
AS-10225,Alan Schoenberger,2016,-6.21
EM-14065,ErinMull,2016,-4.79
GB-14530,Ge orge Bell,2017,44.29
SC-20380,ShahiCollister,2015,52.91
BG-11740,Bruce Geld,2017,41.76
AB-10165,Alan Barnes,2017,141.73
LP-17080,Liz Pelletier,2017,87.89
CY-12745,Craig Yedwab,2016,49.73
RD-19900,Ruben Dartt,2015,9.09
CB-12025,Cassandra Brandow,2014,5.27
HJ-14875,Heather Jas,2016,55.99
BG-11695,Brooke Gillingham,2016,57.92
BM-11575,Brendan Murry,2015,37.33
HD-14785,Harold Dahlen,2014,-167.32
KL-16555,Kelly Lampkin,2014,-69.25
TB-21055,Ted Butterfield,2016,267.71
CG-12520,Claire Gute,2015,-93.38
SC-20680,Steve Carroll,2015,213.70
SV-20935,Susan Vittorini,2017,136.82
MZ-17335,Maria Zettner,2016,0.16
AB-10165,Alan Barnes,2015,79.95
AH-10585,Angele Hood,2014,41.60
TT-21220,Thomas Thornton,2017,147.47
YC-21895,Yoseph Carroll,2017,37.53
JK-15370,Jay Kimmel,2016,83.50
RD-19720,Roger Demir,2016,31.20
ZC-21910,Zuschuss Carroll,2014,328.83
CS-12250,Chris Selesnick,2014,446.75
BE-11455,Brad Eason,2016,71.07
RR-19525,Rick Reed,2017,99.94
LR-16915,Lena Radford,2015,30.79
DF-13135,David Flashing,2016,-397.13
HG-14845,Harry Greene,2017,127.42
JK-16090,Juliana Krohn,2017,357.77
BD-11620,Brian DeCherney,2014,108.74
LD-17005,Lisa DeCherney,2014,445.51
CW-11905,Carl Weiss,2017,309.80
RB-19435,Richard Bierner,2014,65.12
DR-12940,Daniel Raglin,2015,296.67
PM-19135,Peter McVee,2016,30.35
TG-21640,Trudy Glocke,2017,84.42
SF-20065,Sandra Flanagan,2016,3.06
BO-11350,Bil Overfelt,2017,-79.60
HK-14890,Heather Kirkland,2015,300.07
CA-12265,Christina Anderson,2015,118.66
TB-21520,Tracy Blumstein,2015,-1524.02
CD-11920,Carlos Daly,2017,349.82
PO-19195,Phillina Ober,2017,28.80
JD-15790,John Dryer,2016,36.47
RB-19705,Roger Barcio,2017,325.86
LC-17140,Logan Currie,2015,19.40
CA-12055,Cthy Armstrong,2016,259.37
RF-19735,Roland Fjeld,2016,110.62
BW-11110,Bart Watters,2016,97.06
CC-12430,Chuck Clark,2017,108.97
LC-16885,Lena Creighton,2015,1007.76
JW-15220,Jane Waco,2017,1953.60
CD-12280,Christina DeMoss,2017,233.48
AH-10690,Anna Hberlin,2016,1144.07
CP-12085,Cathy Prescott,2014,62.39
JC-16105,Julie Creighton,2014,76.49
TD-20995,Tamara Dahlen,2015,-4.52
PR-18880,Patrick Ryan,2014,2.00
GW-14605,Giulietta Weimer,2016,44.58
PK-18910,Paul Knutson,2014,9.07
AS-10225,Alan Schoenberger,2015,12.86
EP-13915,Emily Phan,2015,361.20
PO-19195,Phillina Ober,2015,-12.50
AH-10465,Amy Hunt,2016,-1.78
BT-11530,Bradley Talbott,2014,66.77
AJ-10945,Ashley Jarboe,2014,3.40
EH-13990,Erica Hackney,2016,67.90
YC-21895,Yoseph Carroll,2016,427.27
AH-10120,Adrian Hane,2017,322.56
RM-19675,Robert Marley,2017,1041.91
PR-18880,Patrick Ryan,2015,38.27
HM-14860,Harry Marie,2015,2451.01
SV-20815,Stuart Van,2015,184.20
TB-21175,Thomas Boland,2016,-6.98
ME-17320,Maria Etezadi,2014,1343.07
AG-10900,Arthur Gainer,2014,144.46
ND-18370,Natalie DeCherney,2016,58.86
CC-12610,Corey Catlett,2014,481.45
JK-16120,Julie Kriz,2016,108.52
DK-12835,Damala Kotsonis,2016,185.34
AH-10585,Angele Hood,2016,13.45
NR-18550,Nick Radford,2014,-123.79
PK-18910,Paul Knutson,2016,-807.78
MM-17920,Michael Moore,2014,55.03
KM-16225,Kalyca Meade,2015,450.16
RD-19660,Robert Dilbeck,2016,151.77
VP-21760,Victoria Pisteka,2016,31.65
VS-21820,Vivek Sundaresam,2015,-176.60
CR-12820,Cyra Reiten,2015,2.13
NP-18685,Nora Pelletier,2014,33.64
GK-14620,Grace Kelly,2014,42.92
AF-10885,Art Foster,2015,101.18
RA-19885,Ruben Ausman,2017,510.77
DC-13285,Debra Catini,2015,55.75
TC-21535,Tracy Collins,2016,161.53
BF-11080,Bart Folk,2014,3.96
JK-16120,Julie Kriz,2014,239.98
AB-10150,Aimee Bixby,2015,7.02
JP-15460,Jennifer Patt,2015,100.93
AG-10495,Andrew Gjertsen,2016,6.03
DW-13480,Dianna Wilson,2016,31.09
RF-19840,Roy Franzsisch,2017,-0.30
PJ-19015,Pauline Johnson,2016,30.40
SB-20185,Sarah Brown,2014,-66.52
HA-14905,Helen Abelman,2016,129.77
HR-14770,Hallie Redmond,2015,48.12
FM-14380,Fred McMath,2017,38.70
AC-10660,Anna Chung,2017,-32.34
CM-12445,Chuck Magee,2016,53.19
CM-12235,Chris McAfee,2016,365.03
CK-12325,Christine Kargatis,2014,326.42
MC-17605,Matt Connell,2017,121.69
SS-20140,Saphhira Shifley,2014,-88.04
SP-20860,Sung Pak,2017,11.85
FA-14230,Frank Atkinson,2017,252.38
SG-20605,Speros Goranitis,2017,25.46
CS-12505,Cindy Stewart,2014,9.00
RD-19660,Robert Dilbeck,2017,757.41
BP-11290,Beth Paige,2014,-70.10
DW-13585,Dorothy Wardle,2014,6.63
JM-15865,John Murray,2015,371.88
MV-18190,Mike Vitt orini,2016,225.26
RH-19510,Rick Huthwaite,2015,125.67
DR-12940,Daniel Raglin,2014,22.68
LE-16810,Laurel Elliston,2015,5.08
MC-17605,Matt Connell,2016,11.31
TC-21535,Tracy Collins,2014,3.36
KB-16585,Ken Black,2017,240.99
KD-16495,Keith Dawkins,2015,2810.35
JK-15730,Joe Kamberova,2017,30.95
EP-13915,Emily Phan,2017,2.60
DM-13015,Darrin Martin,2016,-35.45
EN-13780,Edward Nazzal,2017,6.55
DW-13195,David Wiener,2017,-108.28
CM-12385,Christopher Martinez,2017,702.26
AD-10180,Alan Dominguez,2014,-6.60
ME-17725,Max Engle,2014,16.28
JW-15220,Jane Waco,2016,131.25
CW-11905,Carl Weiss,2016,22.77
NS-18640,Noel Staavos,2014,11.20
AJ-10795,Anthony Johnson,2016,400.21
RW-19690,Robert Waldorf,2017,710.18
DC-13285,Debra Catini,2017,11.06
RM-19750,Roland Murray,2017,28.68
AS-10285,Alejandro Savely,2016,331.37
NH-18610,Nicole Hansen,2014,33.20
NL-18310,Nancy Lomonaco,2016,18.66
DB-13615,Doug Bickford,2014,13.49
JC-15775,John Castell,2017,117.31
SG-20605,Speros Goranitis,2015,162.96
PB-19150,Philip Brown,2017,71.93
JO-15280,Jas OCarroll,2017,-54.88
BD-11500,Bradley Drucker,2017,762.06
CC-12685,Craig Carroll,2014,-45.32
CB-12535,Claudia Bergmann,2016,458.64
CS-12400,Christopher Schild,2017,-384.96
EM-13810,NA,2015,-202.06
AJ-10795,Anthony Johnson,2014,503.26
TH-21235,Tiffany House,2017,24.70
RS-19765,Roland Schwarz,2015,5.01
LW-17125,Liz Willingham,2016,165.80
HG-15025,Hunter Glantz,2016,50.24
OT-18730,Olvera Toch,2016,-1182.11
TS-21610,Troy Staebel,2017,-10.11
JF-15490,Jeremy Farry,2017,36.98
JM-15265,Janet Molinari,2015,-11.90
LS-17200,Luke Schmidt,2016,18.28
JP-16135,Julie Prescott,2014,6.92
TW-21025,Tamara Willingham,2016,33.01
JC-15775,John Castell,2016,70.55
CP-12085,Cathy Prescott,2016,31.54
PS-18970,Paul Stevenson,2015,42.15
Dl-13600,Dorris liebe,2017,-0.33
KC-16540,Kelly Collister,2017,24.48
ES-14080,Erin Smith,2017,239.29
JD-15895,Jonathan Doherty,2014,-194.20
LE-16810,Laurel Elliston,2016,179.75
LC-17050,Liz Carlisle,2014,-128.09
EH-13990,Erica Hackney,2014,54.09
DW-13195,David Wiener,2016,-34.16
SN-20710,Steve Nguyen,2015,91.22
JW-15955,Joni Waerman,2017,170.87
RB-19795,Ross Baird,2017,-502.56
GP-14740,Guy Phonely,2014,-35.93
VW-21775,Victoria Wilson,2017,565.88
AC-10420,Alyssa Crouse,2014,-14.66
PL-18925,Paul Lucas,2017,-18.94
JB-16045,Julia Barnett,2015,106.54
DC-12850,Dan Campbell,2014,-77.87
PM-19135,Peter McVee,2015,426.81
FP-14320,Frank Preis,2015,-140.57
GH-14425,Gary Hwang,2014,1073.14
DL-12865,Dan Lawera,2015,9.04
LS-17245,Lynn Smith,2017,52.59
VG-21790,Vivek Gonzalez,2017,106.10
CC-12670,Craig Carreira,2017,114.35
LT-17110,Liz Thompson,2017,-22.02
TP-21565,Tracy P oddar,2017,-0.04
MV-18190,Mike Vitt orini,2015,15.36
CS-12505,Cindy Stewart,2015,17.34
DJ-13420,Denny Joy,2016,378.27
ML-17410,Maris LaWare,2017,-345.71
BD-11320,Bil Donatelli,2016,97.23
SV-20785,Stewart Visinsky,2016,76.77
SO-20335,Sean ODonnell,2015,-282.31
MK-17905,Michael Kennedy,2015,0.60
AS-10285,Alejandro Savely,2017,23.26
TB-21625,Trudy Brown,2017,233.36
CM-11935,Carlos Meador,2016,-56.90
PS-18970,Paul Stevenson,2014,108.00
CK-12595,Clytie Kelty,2014,1.23
AR-10540,Andy Reiter,2015,247.28
JK-15640,Jim Kriz,2015,181.04
DK-13375,Dennis Kane,2016,360.97
BB-11545,Brenda Bowman,2016,431.81
LD-16855,Lela Donovan,2016,0.46
CM-12655,Corinna Mitchell,2015,116.62
LW-17125,Liz Willingham,2017,5.08
RA-19945,Ryan Akin,2014,-436.73
JB-16000,Joy Bell,2017,111.09
AH-10195,Alan Haines,2015,-12.10
SP-20620,Stefania Perrino,2017,-165.80
ML-18040,Michelle Lonsdale,2017,138.71
SK-19990,Sally Knutson,2016,3.44
DB-13660,Duane Benoit,2016,-35.22
AH-10120,Adrian Hane,2014,-25.91
CS-12400,Christopher Schild,2016,-114.17
RB-19645,Robert Barroso,2014,24.92
CJ-12010,Caroline Jumper,2017,-524.22
GZ-14470,Gary Zandusky,2015,126.31
KC-16540,Kelly Collister,2016,635.68
TB-21520,Tracy Blumstein,2016,3.95
MG-17650,Matthew Grinstein,2014,24.37
GT-14755,Guy Thornton,2016,6.30
JG-15805,John Grady,2017,78.02
MP-17470,Mark Packer,2014,279.86
DL-13330,Denise Leinenbach,2017,17.38
EB-13705,Ed Braxton,2016,82.42
SS-20140,Saphhira Shifley,2015,25.79
KH-16630,Ken Heidel,2015,501.54
PJ-18835,Patrick Jones,2014,7.95
GA-14725,Guy Armstrong,2017,23.50
PW-19240,Pierre Wener,2016,-0.59
NM-18445,Nathan Mautz,2014,2413.85
JF-15355,Jay Fein,2017,128.34
AW-10930,Arthur Wiediger,2014,-42.56
GP-14740,Guy Phonely,2015,67.77
DH-13075,Dave Hallsten,2016,-19.60
AH-10075,Adam Hart,2014,2.40
SV-20815,Stuart Van,2016,11.24
DB-13210,Dean Braden,2016,-66.47
KS-16300,Karen Seio,2015,6.49
CS-12505,Cindy Stewart,2016,-6696.29
RD-19585,Rob Dowd,2015,302.64
EB-13930,Eric Barreto,2017,-75.19
RB-19330,Randy Bradley,2014,-90.10
JL-15850,John Lucas,2014,1.33
JK-15205,Jamie Kunitz,2015,615.03
TB-21355,Todd Boyes,2016,62.39
PS-19045,Penelope Sewall,2015,1493.94
LS-16975,Lindsay Shagiari,2014,138.16
HE-14800,Harold Engle,2017,161.26
BM-11140,Becky Martin,2014,-1878.79
HP-14815,Harold Pawlan,2015,-21.70
KW-16570,Kelly Williams,2014,11.25
SW-20275,Scott Williamson,2016,221.48
KH-16510,Keith Herrera,2015,227.57
JD-16015,Joy Daniels,2017,37.06
TS-21160,Theresa Swint,2015,311.54
DK-13225,Dean Katz,2014,6.00
AH-10210,Alan Hwang,2014,87.19
MS-17980,Michael Stewart,2014,16.26
AB-10165,Alan Barnes,2014,-1.07
IG-15085,Ivan Gibson,2016,54.86
VM-21685,Valerie Mitchum,2015,-3.71
ME-17725,Max Engle,2017,23.16
FM-14290,Frank Merwin,2017,530.86
DK-12895,Dana Kaydos,2017,316.38
KM-16720,Kunst Miller,2017,364.68
CR-12820,Cyra Reiten,2017,81.14
KA-16525,Kelly Andreada,2014,49.01
JK-15205,Jamie Kunitz,2017,557.69
TZ-21580,Tracy Zic,2015,15.28
LP-17080,Liz Pelletier,2014,0.96
JF-15490,Jeremy Farry,2016,13.11
SP-20860,Sung Pak,2015,-65.06
SC-20725,Steven Cartwright,2015,404.63
SU-20665,Stephanie Ulpright,2017,623.11
HA-14905,Helen Abelman,2015,111.29
XP-21865,Xylona Preis,2017,80.12
DL-13315,Delfina Latchford,2017,94.23
PO-19195,Phillina Ober,2014,-65.99
CC-12145,Charles Crestani,2017,8.33
TP-21130,Theone Pippenger,2016,376.74
DK-13375,Dennis Kane,2017,2.65
PO-19180,Philisse Overcash,2016,178.45
PF-19120,Peter Fuller,2015,-631.70
KH-16630,Ken Heidel,2016,30.61
AG-10495,Andrew Gjertsen,2015,264.76
RD-19900,Ruben Dartt,2016,177.10
MT-17815,Meg Tillman,2016,432.26
TD-20995,Tamara Dahlen,2017,13.68
CV-12295,Christina VanderZanden,2014,163.49
SC-20305,Sean Christensen,2017,98.25
PS-19045,Penelope Sewall,2014,623.20
DM-13345,Denise Monton,2016,-61.90
SS-20515,Shirley Schmidt,2016,14.87
AW-10930,Arthur Wiediger,2016,-213.35
BF-11020,Barry Franzsisch,2016,20.32
JW-15955,Joni Waerman,2015,-201.65
SJ-20500,Shirley Jackson,2016,253.82
CR-12730,Craig Reiter,2016,59.57
AB-10150,Aimee Bixby,2017,40.00
SP-20920,Susan Pistek,2016,8.70
PF-19120,Peter Fuller,2014,17.68
RB-19465,Rick Bensley,2017,179.78
AR-10570,Anemone Ratner,2016,32.64
NS-18640,Noel Staavos,2015,151.68
DW-13585,Dorothy Wardle,2017,5.11
NC-18535,Nick Crebassa,2017,607.03
EB-13705,Ed Braxton,2017,10.60
AA-10375,Allen Armold,2015,69.03
PC-18745,Pamela Coakley,2014,196.69
KB-16240,Karen Bern,2016,-18.18
SH-20635,Stefanie Holloman,2015,190.43
JS-15880,John Stevenson,2015,392.89
JL-15505,Jeremy Lonsdale,2016,21.75
AG-10270,Alejandro Grove,2017,1.50
BD-11725,Bruce Degenhardt,2015,149.49
ML-17395,Marina Lichtenstein,2014,486.58
SC-20680,Steve Carroll,2016,109.82
AG-10330,Alex Grayson,2017,-67.10
HM-14860,Harry Marie,2017,-16.56
CR-12625,Corey Roper,2014,114.40
AW-10840,Anth ony Witt,2017,79.28
Co-12640,CoreyLock,2015,44.03
NK-18490,Neil Knudson,2017,80.03
CA-12310,Christine Abelman,2014,101.40
CB-12535,Claudia Bergmann,2017,341.51
LB-16795,Laurel Beltran,2014,-21.36
LR-16915,Lena Radford,2014,604.58
LW-16825,Laurel Workman,2016,-393.34
TT-21265,Tim Taslimi,2015,61.39
SW-20455,Shaun Weien,2015,618.44
AH-10210,Alan Hwang,2017,946.65
JO-15280,Jas OCarroll,2016,51.21
GK-14620,Grace Kelly,2016,1315.57
MM-17260,Magdelene Morse,2016,166.51
JL-15835,John Lee,2014,-863.93
SB-20170,Sarah Bern,2017,191.07
MC-18130,Mike Caudle,2016,86.95
SM-20950,Suzanne McNair,2015,468.40
ST-20530,Shui Tom,2017,12.79
MC-18130,Mike Caudle,2014,24.98
NF-18475,Neil Franzsisch,2014,31.87
JG-15805,John Grady,2014,28.26
GR-14560,Georgia Rosenberg,2014,359.88
NW-18400,Natalie Webber,2014,-387.79
LB-16795,Laurel Beltran,2017,627.99
NC-18415,Nathan Cano,2016,79.19
GA-14515,George Ashbrook,2014,22.41
RP-19390,Resi Plking,2016,154.14
JH-16180,Justin Hirsh,2016,-203.37
TP-21130,Theone Pippenger,2017,753.76
CT-11995,Carol Triggs,2014,285.45
BS-11755,Bruce Stewart,2016,82.95
EH-13765,Edward Hooks,2017,405.82
BT-11440,Bobby Trafton,2016,-71.90
KE-16420,Kat rina Edelman,2015,235.64
CP-12085,Cathy Prescott,2015,102.44
JM-15865,John Murray,2014,1228.18
MH-17620,Matt Hagelstein,2015,14.67
RB-19465,Rick Bensley,2016,123.81
JC-15340,Jasper Cacioppo,2014,1.33
TH-21100,Thea Hendricks,2016,9.19
EB-13975,Erica Bern,2017,11.00
HK-14890,Heather Kirkland,2017,399.01
BD-11605,Brian Dahlen,2014,342.92
NZ-18565,Nick Zandusky,2017,102.32
SW-20350,Sean Wendt,2017,-50.25
LH-17020,Lisa Hazard,2016,16.46
AS-10090,Adam Shillingsburg,2014,129.55
JO-15550,Jesus Ocampo,2017,13.22
AB-10105,Adrian Barton,2014,498.73
IM-15070,Irene Maddox,2015,-55.70
EJ-13720,Ed Jacobs,2017,423.72
JH-15910,Jonathan Howell,2016,63.17
JM-15865,John Murray,2017,24.63
LR-17035,Lisa Ryan,2017,99.27
JP-15520,Jeremy Pistek,2014,199.41
SR-20425,Sharelle Roach,2014,57.49
SM-20005,Sally Matthias,2016,-77.84
CS-12130,Chad Sievert,2015,45.72
SP-20545,Sibella Parks,2014,2.81
BO-11425,Bobby Odegard,2015,2.07
BD-11635,Brian Derr,2017,27.69
AG-10390,Allen Goldenen,2017,8.30
RD-19480,Rick Duston,2016,69.39
PG-18820,Patrick Gardner,2017,96.42
VS-21820,Vivek Sundaresam,2014,-72.25
BP-11290,Beth Paige,2016,-65.75
CA-12265,Christina Anderson,2017,119.67
AB-10105,Adrian Barton,2015,-142.67
AG-10270,Alejandro Grove,2014,17.99
EA-14035,Erin Ashbrook,2015,321.74
RK-19300,Ralph Kennedy,2017,4.11
LE-16810,Laurel Elliston,2017,-10.24
CC-12100,Chad Cunningham,2016,-11.70
CM-12715,Craig M olinari,2015,-29.90
MT-18070,Michelle Tran,2017,2.05
CA-12775,Cynthia Arntzen,2017,191.87
LS-16975,Lindsay Shagiari,2016,2.94
GM-14455,Gary Mitchum,2016,102.52
KC-16255,Karen Carlisle,2014,43.06
ZC-21910,Zuschuss Carroll,2016,-1731.01
DG-13300,Deirdre Greer,2014,22.07
SE-20110,Sanjit Engle,2015,159.32
SG-20470,Sheri Gordon,2015,44.50
NC-18625,Noah Childs,2014,36.66
RE-19450,Richard Eichhorn,2016,13.32
VM-21835,Vivian Mathis,2014,6.51
MW-18235,Mitch Willingham,2017,216.00
RS-19870,Roy Skaria,2017,6.08
MM-18280,Muhammed MacIntyre,2014,-51.52
MB-17305,Maria Bertelson,2015,77.99
EB-13705,Ed Braxton,2014,-127.42
ON-18715,Odella Nelson,2015,-31.11
MD-17350,Maribeth Dona,2014,-84.11
HR-14830,Harold Ryan,2014,79.74
BS-11380,Bil Stewart,2015,206.62
BT-11395,Bil Tyler,2017,-14.99
JF-15295,Jason Fortune,2016,-9.88
TB-21595,Troy Blackwell,2016,-144.59
SJ-20215,Sarah Jordon,2016,-3.24
JP-15460,Jennifer Patt,2017,10.66
AA-10645,Anna Andreadi,2014,77.64
TG-21640,Trudy Glocke,2014,89.42
BV-11245,Benjamin Venier,2017,105.94
BF-10975,Barbara Fisher,2014,61.99
TD-20995,Tamara Dahlen,2016,70.25
TC-20980,Tamara Chand,2016,8764.95
RD-19900,Ruben Dartt,2014,186.49
DJ-13420,Denny Joy,2015,64.99
MH-17455,Mark Hamilton,2016,375.67
SC-20095,Sanjit Chand,2015,92.68
BT-11680,Brian Thompson,2015,435.64
AT-10735,Annie Thurman,2016,51.67
LH-17155,Logan Haushalter,2016,212.10
MC-17635,Matthew Clasen,2014,41.89
NZ-18565,Nick Zandusky,2014,248.03
BT-11305,Beth Thompson,2014,290.89
TB-21400,Tom Boeckenhauer,2016,12.18
MP-17470,Mark Packer,2016,8.94
AD-10180,Alan Dominguez,2015,9.60
EB-13840,Ellis Ballard,2014,-36.36
VB-21745,Victo ria Brennan,2015,84.62
BF-11005,Barry Franz,2017,71.98
MT-18070,Michelle Tran,2016,70.49
JO-15280,Jas OCarroll,2014,0.97
SC-20770,Stewart Carmichael,2017,-84.83
TG-21310,Toby Gnade,2015,-198.33
JF-15355,Jay Fein,2015,161.11
WB-21850,William Brown,2015,-87.06
AR-10540,Andy Reiter,2017,2607.68
SL-20155,Sara Luxemburg,2014,22.25
BP-11095,Bart Pistole,2015,53.56
MT-18070,Michelle Tran,2014,-89.70
GT-14755,Guy Thornton,2017,-39.64
MS-17530,MaryBeth Skach,2016,36.04
CS-12130,Chad Sievert,2014,84.36
CM-12655,Corinna Mitchell,2017,855.93
VP-21760,Victoria Pisteka,2017,-964.48
LW-17215,Luke Weiss,2014,420.59
CS-12355,Christine Sundaresam,2014,77.03
KA-16525,Kelly Andreada,2017,39.94
MN-17935,Michael Nguyen,2016,5.52
KW-16570,Kelly Williams,2015,97.14
KS-16300,Karen Seio,2017,-6.38
EP-13915,Emily Phan,2016,-393.66
PO-18850,Patrick OBrill,2014,56.31
TZ-21580,Tracy Zic,2017,1.34
TB-21625,Trudy Brown,2015,-8.47
EN-13780,Edward Nazzal,2016,438.40
RR-19525,Rick Reed,2014,543.57
MO-17500,Mary ORourke,2017,-67.54
TM-21010,Tamara Manning,2014,112.58
LM-17065,Liz MacKendrick,2014,76.10
DJ-13630,Doug Jacobs,2016,25.78
JS-15595,Ji Stevenson,2014,-204.14
MC-18100,Mick Crebagga,2015,-73.30
JO-15145,Jack OBriant,2017,40.40
EB-14170,Evan Bailliet,2016,4.44
BM-11650,Brian Moss,2015,181.48
MM-18055,Michelle Moray,2015,-247.37
JD-15895,Jonathan Doherty,2015,64.82
DB-12970,Darren Budd,2017,64.81
VB-21745,Victo ria Brennan,2017,181.21
DB-13555,Dorothy Badders,2014,8.35
TG-21310,Toby Gnade,2017,35.86
BF-11215,Benjamin Farhat,2017,328.37
DK-12985,Darren Koutras,2017,-22.94
MB-17305,Maria Bertelson,2016,83.51
KT-16480,Kean Thornton,2015,36.70
MH-18025,Michelle Huthwaite,2014,10.65
AC-10660,Anna Chung,2014,-4.97
NG-18355,Nat Gilpin,2017,86.50
KB-16600,Ken Brennan,2017,259.43
AG-10300,Aleksandra Gannaway,2015,8.39
SG-20470,Sheri Gordon,2017,-295.98
BM-11785,Bryan Mills,2015,-39.67
PO-18865,Patrick ODonnell,2017,238.16
BF-11275,Beth Fritzler,2014,-12.12
TB-21250,Tim Brockman,2014,13.81
FH-14350,Fred Harton,2015,365.68
AG-10390,Allen Goldenen,2014,67.97
MS-17980,Michael Stewart,2015,59.35
CS-11860,Cari Schnelling,2017,14.92
JR-15700,Jocasta Rupert,2017,107.99
MB-18085,Mick Brown,2014,4.88
CS-11845,Cari Sayre,2014,-13.90
KB-16405,Kat rina Bavinger,2015,42.96
HG-14845,Harry Greene,2014,21.60
BS-11800,Bryan Spruell,2015,77.11
GT-14635,Grant Thornton,2015,8.87
CA-11965,Carol Adams,2016,899.98
RB-19465,Rick Bensley,2014,336.96
TM-21010,Tamara Manning,2015,255.04
AI-10855,Arianne Irving,2014,288.24
MK-18160,Mike Kennedy,2017,209.04
PR-18880,Patrick Ryan,2017,5555.93
RM-19375,Raymond Messe,2017,196.75
LW-16825,Laurel Workman,2014,423.61
TB-21355,Todd Boyes,2017,206.57
KH-16510,Keith Herrera,2014,-2.74
ML-17395,Marina Lichtenstein,2015,-4.94
SC-20695,Steve Chapman,2015,222.93
PM-19135,Peter McVee,2017,69.60
CS-12355,Christine Sundaresam,2015,288.11
EB-14110,Eugene Barchas,2017,-47.40
VP-21730,Victor Preis,2015,8.93
TS-21160,Theresa Swint,2014,-2.00
DO-13435,Denny Ordway,2014,6.09
PP-18955,Paul Prost,2016,707.59
LH-17155,Logan Haushalter,2014,9.58
HG-14965,Henry Goldwyn,2015,34.84
QJ-19255,Quincy Jones,2017,-99.70
BC-11125,Becky Castell,2016,62.26
CC-12220,Chris Cortes,2017,393.60
EH-13990,Erica Hackney,2015,28.38
MC-17590,Matt Collister,2014,-137.20
JF-15565,Jill Fjeld,2016,849.66
MS-17365,Maribeth chnelling,2017,40.75
NS-18640,Noel Staavos,2017,-99.52
GM-14440,Gary McGarr,2014,202.78
SF-20200,Sarah Foster,2014,58.03
JR-15670,Jim Radford,2015,-785.16
FH-14275,Frank Hawley,2014,297.18
SC-20095,Sanjit Chand,2014,5462.59
LC-16870,NA,2016,-291.75
LH-16900,Lena Hernandez,2015,121.11
DC-13285,Debra Catini,2014,54.80
AP-10720,Anne Pryor,2017,-11.07
CS-11950,Carlos Soltero,2017,76.20
FO-14305,Frank Olsen,2014,245.02
LR-17035,Lisa Ryan,2016,-387.68
BV-11245,Benjamin Venier,2015,82.28
EL-13735,Ed Ludwig,2016,8.66
KH-16690,Kristen Hastings,2017,217.49
AJ-10945,Ashley Jarboe,2015,316.58
JM-16195,Justin MacKendrick,2014,273.40
SS-20875,Sung Shariari,2016,-1.91
JC-16105,Julie Creighton,2017,62.30
BM-11650,Brian Moss,2014,81.65
SC-20845,Sung Chung,2017,29.95
VM-21835,Vivian Mathis,2017,6.97
LS-16945,Linda Southworth,2016,21.74
HR-14770,Hallie Redmond,2017,135.68
DW-13540,Don Weiss,2017,53.65
NC-18625,Noah Childs,2016,-461.20
SZ-20035,Sam Zeldin,2016,49.32
BW-11110,Bart Watters,2017,720.83
MS-17770,Maxwell Schwartz,2014,-102.26
PN-18775,Parhena Norris,2016,137.23
EJ-13720,Ed Jacobs,2015,15.86
AZ-10750,Annie Zypern,2016,32.57
TB-21520,Tracy Blumstein,2017,42.26
HG-15025,Hunter Glantz,2017,82.02
CS-11950,Carlos Soltero,2015,16.46
AD-10180,Alan Dominguez,2017,1866.92
HH-15010,Hilary Holden,2017,26.46
MS-17365,Maribeth chnelling,2014,143.90
PV-18985,PaulVan Hugh,2014,-4.56
TS-21505,NA,2016,-69.83
TS-21340,Toby Swindell,2015,92.71
BD-11605,Brian Dahlen,2015,79.41
KT-16465,Kean Takahito,2014,68.80
JD-16150,Justin Deggeller,2017,1116.34
BB-10990,Barry Blumstein,2016,12.87
MG-18145,Mike Gockenbach,2015,-137.49
JM-15865,John Murray,2016,-49.62
EH-13765,Edward Hooks,2015,224.83
JL-15835,John Lee,2017,837.23
SW-20245,Scot Wooten,2017,-64.07
JP-16135,Julie Prescott,2015,7.43
SF-20965,Sylvia Foulston,2014,12.27
JF-15490,Jeremy Farry,2015,-103.54
SF-20065,Sandra Flanagan,2017,110.13
NB-18655,Nona Balk,2015,127.06
FM-14380,Fred McMath,2015,17.48
JJ-15760,Joel Jenkins,2015,34.46
AB-10060,Adam Bellavance,2017,477.84
CS-12400,Christopher Schild,2015,75.70
IL-15100,Ivan Liston,2014,6.91
SC-20680,Steve Carroll,2017,15.12
TP-21565,Tracy P oddar,2015,34.74
RW-19630,Rob Williams,2014,30.78
MF-18250,Monica Federle,2014,16.89
CY-12745,Craig Yedwab,2015,107.00
RM-19375,Raymond Messe,2016,162.05
RB-19795,Ross Baird,2016,51.79
BC-11125,Becky Castell,2017,58.80
IG-15085,Ivan Gibson,2014,28.35
ZC-21910,Zuschuss Carroll,2015,307.48
ML-18265,Muhammed Lee,2015,1.16
RP-19390,Resi Plking,2015,19.71
KN-16705,Kristina Nunn,2017,301.88
LF-17185,Luke Foster,2016,0.72
CG-12040,Catherine Glotzbach,2017,21.87
LR-17035,Lisa Ryan,2014,48.13
EB-14170,Evan Bailliet,2015,119.43
CM-12160,Charles McCrossin,2016,-315.75
EA-14035,Erin Ashbrook,2014,-53.44
KT-16480,Kean Thornton,2016,19.61
ME-18010,Michelle Ellison,2017,-6.40
VP-21760,Victoria Pisteka,2015,-204.15
MW-18235,Mitch Willingham,2014,1449.52
HZ-14950,Henia Zydlo,2017,-136.68
SB-20290,Sean Braxton,2016,16.89
LC-17050,Liz Carlisle,2017,-10.40
NM-18520,Neoma Murray,2016,812.79
AS-10045,Aaron Smayling,2017,-377.96
HA-14905,Helen Abelman,2014,108.80
RD-19480,Rick Duston,2015,25.41
LR-17035,Lisa Ryan,2015,-142.91
BT-11530,Bradley Talbott,2017,347.10
SP-20860,Sung Pak,2014,1.19
GM-14455,Gary Mitchum,2014,316.15
CM-11815,Candace McMahon,2014,25.23
SC-20725,Steven Cartwright,2014,114.84
MW-18220,Mitch Webber,2014,1204.43
TT-21070,Ted Trevino,2016,2.69
SG-20890,Susan Gilcrest,2017,-13.27
DP-13000,Darren Powers,2014,24.24
JG-15160,James Galang,2017,69.85
SU-20665,Stephanie Ulpright,2016,64.19
AM-10705,Anne McFarland,2017,392.01
AB-10150,Aimee Bixby,2016,5.44
SL-20155,Sara Luxemburg,2017,437.91
SB-20170,Sarah Bern,2014,-33.39
KD-16615,NA,2017,198.92
JH-15985,Joseph Holt,2016,72.03
MH-17290,Marc Harrigan,2016,57.21
CL-11890,Carl Ludwig,2016,4.35
DV-13465,Dianna Vittorini,2017,151.65
MC-17425,Mark Cousins,2015,57.20
RD-19810,Ross DeVincentis,2016,115.76
MG-17680,Maureen Gastineau,2014,12.91
NG-18430,Nathan Gelder,2017,28.28
RS-19420,Ricardo Sperren,2016,14.42
SC-20305,Sean Christensen,2016,37.46
PH-18790,Patricia Hirasaki,2017,47.89
MH-17290,Marc Harrigan,2014,12.21
SB-20185,Sarah Brown,2015,939.16
Co-12640,CoreyLock,2014,142.68
JP-15520,Jeremy Pistek,2017,422.26
GD-14590,Giulietta Dortch,2017,364.24
RM-19675,Robert Marley,2015,660.52
DP-13000,Darren Powers,2016,4.88
KT-16465,Kean Takahito,2016,156.14
BE-11455,Brad Eason,2015,120.21
SC-20575,Sonia Cooley,2015,-2.43
CA-12265,Christina Anderson,2016,24.60
BS-11665,Brian Stugart,2014,1.08
PJ-18835,Patrick Jones,2015,382.38
DM-12955,Dario Medina,2016,0.26
BS-11755,Bruce Stewart,2015,18.45
BW-11200,Ben Wallace,2017,-14.11
MC-18100,Mick Crebagga,2017,26.70
AG-10900,Arthur Gainer,2015,18.82
AG-10525,Andy Gerbode,2014,-93.53
BF-11215,Benjamin Farhat,2014,21.48
LC-16960,Lindsay Castell,2016,21.27
RH-19600,Rob Haberlin,2016,7.25
BS-11590,Brendan Sweed,2014,97.46
RH-19600,Rob Haberlin,2015,165.38
VD-21670,Valerie Dominguez,2014,576.56
AM-10360,Alice McCarthy,2016,9.98
DB-12910,Daniel Byrd,2017,280.92
RD-19480,Rick Duston,2017,276.27
SV-20365,Seth Vernon,2017,1570.94
CW-11905,Carl Weiss,2015,21.11
BN-11470,Brad Norvell,2014,24.68
RP-19390,Resi Plking,2017,28.30
NP-18325,NA,2014,314.40
ML-17410,Maris LaWare,2016,15.00
DM-13525,Don Miller,2016,18.17
AG-10765,Anthony Garverick,2017,-66.01
SR-20740,Steven Roelle,2016,181.53
SC-20380,ShahiCollister,2017,270.29
CP-12340,Christine Phan,2014,-1031.67
EB-14110,Eugene Barchas,2016,187.62
FW-14395,Fred Waerman,2016,12.21
GB-14530,Ge orge Bell,2016,-77.54
IM-15055,Ionia McGrath,2016,956.54
RS-19420,Ricardo Sperren,2014,318.93
FC-14335,Fred Chung,2017,502.97
NG-18430,Nathan Gelder,2014,134.82
DC-13285,Debra Catini,2016,10.47
PC-19000,Pauline Chand,2014,-11.83
CB-12025,Cassandra Brandow,2016,161.25
NP-18700,Nora Preis,2014,285.95
SH-20395,ShahiHopkins,2014,-252.19
JS-15940,Joni Sundaresam,2016,-18.74
BK-11260,Berenike Kampe,2015,42.04
MY-18295,Muhammed YeDwab,2016,-290.17
DP-13105,Dave Poirier,2015,16.29
DK-13150,David K lendrick,2014,78.50
SM-20950,Suzanne McNair,2016,43.00
JA-15970,Joseph Airdo,2017,-1031.00
PB-19105,Peter Bhler,2016,0.90
MO-17950,Michael Oakman,2017,-2.70
TW-21025,Tamara Willingham,2017,-6.06
NP-18685,Nora Pelletier,2015,449.44
MO-17950,Michael Oakman,2015,-79.31
HR-14770,Hallie Redmond,2014,1.60
RB-19705,Roger Barcio,2015,-82.78
BD-11620,Brian DeCherney,2017,78.10
EM-14095,Eudokia Martin,2017,16.93
SC-20770,Stewart Carmichael,2016,-734.27
MF-18250,Monica Federle,2017,287.24
AR-10345,Alex Russell,2017,23.96
MA-17560,Matt Abelman,2014,562.98
GZ-14470,Gary Zandusky,2017,259.10
SS-20410,ShahiShariari,2014,-565.75
AH-10195,Alan Haines,2017,-16.58
CD-11980,Carol Darley,2016,7.75
JF-15190,Jamie Frazer,2016,173.31
BK-11260,Berenike Kampe,2014,-129.02
ZC-21910,Zuschuss Carroll,2017,62.34
BP-11230,Benjamin Patterson,2016,10.21
PA-19060,Pete Armstrong,2015,121.57
AG-10900,Arthur Gainer,2016,252.36
DJ-13510,Don Jones,2014,187.74
CM-12385,Christopher Martinez,2015,3197.78
DB-13060,Dave Brooks,2016,294.18
RW-19630,Rob Williams,2016,346.37
KA-16525,Kelly Andreada,2016,67.44
BW-11065,Barry Weirich,2017,-77.13
KB-16315,Karl Braun,2014,-29.74
PG-18820,Patrick Gardner,2015,-564.68
MH-17785,Maya Herman,2014,133.96
SS-20410,ShahiShariari,2017,58.91
NR-18550,Nick Radford,2017,48.07
CK-12760,Cyma Kinney,2015,14.50
EB-13750,Edward Becker,2016,139.81
BO-11350,Bil Overfelt,2016,358.03
JD-16060,Julia Dunbar,2014,8.48
KF-16285,Karen Ferguson,2014,82.52
JS-16030,Joy Smith,2014,3.40
RF-19735,Roland Fjeld,2017,391.47
GW-14605,Giulietta Weimer,2014,3.63
MZ-17515,Mary Zewe,2016,-25.24
SC-20800,Stuart Calhoun,2017,2.58
SE-20110,Sanjit Engle,2016,2673.77
MG-18205,Mitch Gastineau,2017,-1.24
RP-19855,Roy Phan,2016,143.06
RA-19945,Ryan Akin,2015,96.54
SV-20785,Stewart Visinsky,2017,9.29
BC-11125,Becky Castell,2015,92.00
MH-17290,Marc Harrigan,2015,2.18
PA-19060,Pete Armstrong,2016,22.56
RA-19915,Russell Applegate,2015,-118.15
DM-13015,Darrin Martin,2014,1600.06
LC-16930,Linda Cazamias,2016,246.91
PT-19090,Pete Takahito,2016,-17.52
PF-19165,Philip Fox,2015,75.23
SC-20095,Sanjit Chand,2016,196.19
DL-13330,Denise Leinenbach,2014,2.10
MV-17485,Mark Van Huff,2016,106.42
FA-14230,Frank Atkinson,2016,39.81
RM-19675,Robert Marley,2014,200.12
NF-18595,Nicole Fjeld,2015,258.10
BW-11110,Bart Watters,2015,103.49
DB-13270,Deborah Brumfield,2014,45.10
JE-15745,Joel Eaton,2016,126.62
SH-19975,NA,2015,51.87
JM-15535,Jessica Myrick,2015,46.85
SA-20830,Sue Ann Reed,2016,-17.11
BD-11725,Bruce Degenhardt,2016,18.00
CC-12220,Chris Cortes,2014,12.41
BD-11770,Bryan Davis,2017,30.58
MG-17890,Michael Granlund,2017,37.99
AM-10705,Anne McFarland,2014,472.09
DB-13120,David Bremer,2015,-285.06
CK-12205,Chloris Kastensmidt,2016,-128.01
AH-10030,Aaron Hawkins,2014,188.28
MP-17965,Michael Paige,2016,265.54
MC-18100,Mick Crebagga,2014,-18.73
CS-12355,Christine Sundaresam,2017,456.48
JH-15985,Joseph Holt,2017,68.87
CK-12595,Clytie Kelty,2016,315.73
SW-20275,Scott Williamson,2017,100.28
LC-17050,Liz Carlisle,2016,225.26
SM-20950,Suzanne McNair,2017,442.28
PC-19000,Pauline Chand,2015,-172.51
CC-12475,Cindy Chapman,2016,111.12
DK-12985,Darren Koutras,2015,-76.43
PS-19045,Penelope Sewall,2017,1060.32
PW-19030,Pauline Webber,2014,17.47
SG-20080,Sandra Glassco,2017,218.25
GT-14755,Guy Thornton,2015,27.20
AZ-10750,Annie Zypern,2014,72.86
GZ-14470,Gary Zandusky,2014,50.43
RR-19315,Ralph Ritter,2016,3.47
PB-19150,Philip Brown,2016,38.38
JM-15535,Jessica Myrick,2016,232.13
LC-16885,Lena Creighton,2016,147.88
MG-17890,Michael Granlund,2016,25.93
KH-16630,Ken Heidel,2017,66.93
CK-12205,Chloris Kastensmidt,2017,181.08
YS-21880,Yana Sorensen,2015,254.18
ON-18715,Odella Nelson,2014,183.11
SM-20950,Suzanne McNair,2014,-372.11
KN-16705,Kristina Nunn,2014,186.00
DB-13270,Deborah Brumfield,2015,1.72
PP-18955,Paul Prost,2015,67.56
AG-10300,Aleksandra Gannaway,2017,1.67
ML-18265,Muhammed Lee,2017,41.51
RB-19795,Ross Baird,2015,-18.46
BP-11155,Becky Pak,2015,431.98
BS-11590,Brendan Sweed,2016,12.36
AY-10555,Andy Yotov,2016,6.70
SH-19975,NA,2016,317.46
AH-10465,Amy Hunt,2017,147.87
RP-19390,Resi Plking,2014,262.81
GB-14575,Giulietta Baptist,2016,73.22
PO-18865,Patrick ODonnell,2016,67.60
CK-12760,Cyma Kinney,2014,66.59
MC-17275,Marc Crier,2016,20.91
MS-17830,Melanie Seite,2015,32.45
NW-18400,Natalie Webber,2017,11.82
JP-15460,Jennifer Patt,2014,10.81
WB-21850,William Brown,2016,293.65
AI-10855,Arianne Irving,2017,77.28
JO-15145,Jack OBriant,2014,101.03
DB-13615,Doug Bickford,2017,60.50
DL-12925,Daniel Lacy,2014,-324.87
CS-12460,Chuck Sachs,2017,156.27
SU-20665,Stephanie Ulpright,2015,76.40
AH-10465,Amy Hunt,2015,-342.08
TB-21625,Trudy Brown,2014,83.99
RS-19420,Ricardo Sperren,2017,300.10
FP-14320,Frank Preis,2017,49.32
AH-10585,Angele Hood,2017,28.92
AA-10315,Alex Avila,2014,280.68
QJ-19255,Quincy Jones,2016,168.88
JA-15970,Joseph Airdo,2016,114.19
KM-16225,Kalyca Meade,2016,56.34
LS-17230,Lycoris Saunders,2015,55.24
CA-11965,Carol Adams,2017,16.48
JL-15235,Janet Lee,2014,-190.51
MS-17530,MaryBeth Skach,2015,45.29
SA-20830,Sue Ann Reed,2014,351.32
KH-16360,Katherine Hughes,2016,57.83
BF-11005,Barry Franz,2014,2.37
CR-12580,Clay Rozendal,2017,108.80
RD-19480,Rick Duston,2014,109.52
FM-14290,Frank Merwin,2015,1.03
SE-20110,Sanjit Engle,2014,54.41
DM-13015,Darrin Martin,2017,106.77
GT-14710,Greg Tran,2014,738.65
SW-20245,Scot Wooten,2016,82.53
SJ-20500,Shirley Jackson,2014,57.93
PB-19210,Phillip Breyer,2016,0.70
RD-19660,Robert Dilbeck,2015,-73.41
JL-15235,Janet Lee,2016,103.36
TG-21640,Trudy Glocke,2015,191.28
AB-10600,Ann Blume,2017,-256.46
PW-19030,Pauline Webber,2017,333.80
SL-20155,Sara Luxemburg,2015,64.77
TG-21310,Toby Gnade,2016,844.64
JM-16195,Justin MacKendrick,2016,23.86
MG-17875,Michael Grace,2017,-29.44
LC-16960,Lindsay Castell,2015,278.20
MD-17350,Maribeth Dona,2015,51.66
TN-21040,Tanja Norvell,2015,167.98
CS-12505,Cindy Stewart,2017,43.71
TR-21325,Toby Ritter,2014,28.52
JL-15505,Jeremy Lonsdale,2017,529.02
CL-11890,Carl Ludwig,2017,353.07
CA-11965,Carol Adams,2015,182.16
AB-10060,Adam Bellavance,2015,8.71
SA-20830,Sue Ann Reed,2015,98.08
NL-18310,Nancy Lomonaco,2015,34.59
CY-12745,Craig Yedwab,2017,240.54
MA-17560,Matt Abelman,2017,30.13
MO-17500,Mary ORourke,2016,120.86
MH-17440,Mark Haberlin,2016,12.58
RF-19840,Roy Franzsisch,2015,0.06
LH-17155,Logan Haushalter,2015,94.85
JK-15625,Jim Karlsson,2017,8.86
CJ-11875,Carl Jackson,2016,1.65
KB-16315,Karl Braun,2015,-18.21
RF-19345,Randy Ferguson,2014,92.94
MK-17905,Michael Kennedy,2017,7.01
JM-15535,Jessica Myrick,2017,18.56
LS-16975,Lindsay Shagiari,2017,229.37
TM-21010,Tamara Manning,2017,205.84
BT-11680,Brian Thompson,2016,176.51
MZ-17515,Mary Zewe,2014,786.80
RF-19735,Roland Fjeld,2015,187.10
KD-16615,NA,2015,272.58
HR-14830,Harold Ryan,2017,1000.69
DP-13390,Dennis Pardue,2015,-223.85
HP-14815,Harold Pawlan,2014,101.69
KM-16375,Katherine Murray,2015,29.31
TN-21040,Tanja Norvell,2016,-903.28
SH-19975,NA,2014,54.47
SC-20380,ShahiCollister,2014,-3462.20
RB-19570,Rob Beeghly,2017,82.88
DV-13465,Dianna Vittorini,2015,101.77
GT-14710,Greg Tran,2017,83.62
SN-20710,Steve Nguyen,2014,32.94
KN-16450,Kean Nguyen,2017,112.42
JF-15565,Jill Fjeld,2014,78.55
MC-17845,Michael Chen,2014,395.76
CA-12775,Cynthia Arntzen,2014,111.79
DL-13495,Dionis Lloyd,2016,97.84
XP-21865,Xylona Preis,2016,314.09
AA-10645,Anna Andreadi,2016,334.63
PS-18760,Pamela Stobb,2016,133.30
SC-20680,Steve Carroll,2014,31.53
DV-13045,Darrin Van Huff,2016,17.48
DL-13330,Denise Leinenbach,2016,5.22
EM-14095,Eudokia Martin,2016,30.63
AB-10255,Alejandro Ballentine,2015,34.34
BB-10990,Barry Blumstein,2014,0.00
JE-15715,Joe Elijah,2017,60.42
AA-10645,Anna Andreadi,2015,439.31
BF-11170,Ben Ferrer,2015,137.03
CM-12655,Corinna Mitchell,2016,599.89
LT-16765,Larry Tron,2015,20.16
FW-14395,Fred Waerman,2017,5.81
AA-10375,Allen Armold,2016,122.73
SG-20470,Sheri Gordon,2014,150.92
ST-20530,Shui Tom,2014,45.32
RL-19615,Rob Lucas,2015,110.11
MY-18295,Muhammed YeDwab,2017,21.59
NF-18385,Natalie Fritzler,2015,-1980.38
AC-10615,Ann Chong,2015,-32.30
PG-18820,Patrick Gardner,2014,54.45
BT-11395,Bil Tyler,2015,194.73
MC-17635,Matthew Clasen,2016,27.42
DJ-13630,Doug Jacobs,2015,36.00
MM-18280,Muhammed MacIntyre,2015,68.20
NC-18415,Nathan Cano,2017,-2330.27
DK-13090,Dave Kipp,2015,173.71
PA-19060,Pete Armstrong,2017,35.89
DM-13525,Don Miller,2014,14.49
HF-14995,Herbert Flentye,2017,20.49
KC-16540,Kelly Collister,2015,49.27
FH-14275,Frank Hawley,2017,12936.86
VF-21715,Vicky Freymann,2014,-158.76
HW-14935,Helen Waerman,2016,200.27
LP-17095,Liz Preis,2017,259.09
BS-11365,Bi l Shonely,2014,210.70
SC-20230,Scot Coram,2016,435.65
GH-14425,Gary Hwang,2015,59.65
NC-18625,Noah Childs,2017,48.78
VD-21670,Valerie Dominguez,2016,50.19
CS-12175,Charles Sheldon,2016,18.35
AJ-10960,Astrea Jones,2017,2.77
AP-10915,Arthur Prichep,2014,420.70
ED-13885,NA,2017,-107.98
MW-18220,Mitch Webber,2016,0.50
JC-15775,John Castell,2015,27.63
TS-21655,Trudy Schmidt,2016,364.87
AB-10015,Aaron Bergman,2016,116.86
CK-12205,Chloris Kastensmidt,2015,5.53
BM-11785,Bryan Mills,2016,56.37
SW-20455,Shaun Weien,2016,125.20
VB-21745,Victo ria Brennan,2016,105.42
RH-19555,Ritsa Hightower,2016,6.34
DJ-13420,Denny Joy,2014,39.77
ML-17395,Marina Lichtenstein,2016,192.19
SP-20545,Sibella Parks,2017,81.96
SC-20800,Stuart Calhoun,2015,40.63
MK-18160,Mike Kennedy,2016,41.08
PV-18985,PaulVan Hugh,2017,283.49
ZD-21925,Zuschuss Donatelli,2016,206.67
TC-21475,Tony Chapman,2015,27.00
TB-21520,Tracy Blumstein,2014,-125.24
CC-12475,Cindy Chapman,2014,3.38
SS-20875,Sung Shariari,2014,-9.15
AM-10705,Anne McFarland,2016,90.26
NM-18445,Nathan Mautz,2017,4.35
SC-20575,Sonia Cooley,2017,70.27
VD-21670,Valerie Dominguez,2015,990.86
PA-19060,Pete Armstrong,2014,45.84
JE-15475,Jeremy Ellison,2016,185.63
MB-17305,Maria Bertelson,2014,-13.83
BG-11740,Bruce Geld,2016,59.30
RF-19345,Randy Ferguson,2016,438.73
EB-13840,Ellis Ballard,2015,610.86
LS-17245,Lynn Smith,2015,4.80
PS-19045,Penelope Sewall,2016,6.32
HF-14995,Herbert Flentye,2014,132.47
JS-15685,Jim Sink,2017,45.13
NS-18505,Neola Schneider,2017,-31.86
MF-18250,Monica Federle,2015,152.73
CK-12205,Chloris Kastensmidt,2014,82.99
GK-14620,Grace Kelly,2015,86.65
AY-10555,Andy Yotov,2014,65.60
AG-10330,Alex Grayson,2016,61.74
MG-18145,Mike Gockenbach,2017,196.72
LH-17020,Lisa Hazard,2014,-79.34
HG-14845,Harry Greene,2015,-2.01
MZ-17335,Maria Zettner,2017,15.51
KB-16315,Karl Braun,2017,69.64
TB-21250,Tim Brockman,2016,-40.36
BF-11170,Ben Ferrer,2014,666.39
CG-12040,Catherine Glotzbach,2016,58.68
NF-18385,Natalie Fritzler,2017,163.46
MZ-17515,Mary Zewe,2015,8.21
KN-16450,Kean Nguyen,2014,119.98
AH-10210,Alan Hwang,2016,5.57
MN-17935,Michael Nguyen,2014,31.17
EM-13960,Eric Murdock,2017,50.37
BS-11755,Bruce Stewart,2014,-330.55
EB-13930,Eric Barreto,2016,74.27
BD-11605,Brian Dahlen,2017,87.99
AO-10810,Anthony ODonnell,2016,12.10
ES-14080,Erin Smith,2016,-99.22
DP-13105,Dave Poirier,2017,60.54
PK-19075,Pete Kriz,2016,407.41
IL-15100,Ivan Liston,2016,19.56
BD-11500,Bradley Drucker,2015,70.98
SB-20185,Sarah Brown,2017,13.32
BM-11140,Becky Martin,2016,118.92
BP-11230,Benjamin Patterson,2017,20.58
EM-14140,Eugene Moren,2015,271.41
SC-20440,Shaun Chance,2015,375.28
SR-20740,Steven Roelle,2015,2.40
HZ-14950,Henia Zydlo,2016,6.29
TT-21070,Ted Trevino,2014,121.40
JK-16090,Juliana Krohn,2015,228.90
HM-14860,Harry Marie,2016,82.75
CC-12670,Craig Carreira,2016,53.66
TB-21190,Thomas Brumley,2014,161.97
LW-17125,Liz Willingham,2014,21.75
SS-20590,Sonia Sunley,2015,8.02
DE-13255,NA,2014,9.85
EA-14035,Erin Ashbrook,2016,-342.69
DL-13315,Delfina Latchford,2014,-11.89
GH-14665,Greg Hansen,2017,-8.88
SN-20710,Steve Nguyen,2017,-18.19
KW-16435,Kat rina Willman,2017,123.13
CC-12430,Chuck Clark,2016,255.32
GH-14410,Gary Hansen,2014,53.34
BH-11710,Brosina Hoffman,2015,5.84
SG-20890,Susan Gilcrest,2016,6.63
Dl-13600,Dorris liebe,2016,146.39
PB-19150,Philip Brown,2015,157.66
DR-12880,Dan Reichenbach,2016,126.06
JS-15595,Ji Stevenson,2016,78.40
CK-12325,Christine Kargatis,2017,-124.27
BF-11275,Beth Fritzler,2017,38.00
TB-21250,Tim Brockman,2015,318.53
DO-13435,Denny Ordway,2017,83.17
AS-10240,Alan Shonely,2016,23.18
Dp-13240,Dean perceR,2015,1145.83
JL-15835,John Lee,2016,2.80
JL-15130,Jack Lebron,2017,-218.57
VP-21760,Victoria Pisteka,2014,118.07
SW-20755,Steven Ward,2016,48.52
AF-10870,Art Ferguson,2017,-75.19
KL-16645,Ken Lonsdale,2017,161.72
AR-10510,Andrew Roberts,2016,18.89
EH-14185,Evan Henry,2014,26.43
CS-11950,Carlos Soltero,2014,-88.07
CA-12265,Christina Anderson,2014,16.97
Dl-13600,Dorris liebe,2014,29.17
TC-21475,Tony Chapman,2014,-16.47
BH-11710,Brosina Hoffman,2017,119.51
TA-21385,Tom Ashbrook,2016,-76.00
VS-21820,Vivek Sundaresam,2016,-7.81
SC-20725,Steven Cartwright,2017,483.77
MC-17275,Marc Crier,2015,197.66
BN-11515,Bradley Nguyen,2016,112.78
RH-19510,Rick Huthwaite,2016,1152.82
CH-12070,Cathy Hwang,2015,57.39
BM-11785,Bryan Mills,2017,6.92
LA-16780,Laura Armstrong,2015,-0.12
KB-16585,Ken Black,2014,175.16
RF-19345,Randy Ferguson,2015,102.01
AT-10435,Alyssa Tate,2015,-2.53
TH-21550,Tracy Hopkins,2017,-990.17
BC-11125,Becky Castell,2014,38.13
MP-17965,Michael Paige,2015,255.75
PJ-19015,Pauline Johnson,2015,40.07
MC-17605,Matt Connell,2014,49.37
EC-14050,Erin Creighton,2016,43.09
MM-17920,Michael Moore,2015,-373.30
AI-10855,Arianne Irving,2015,17.03
SB-20290,Sean Braxton,2015,79.76
AM-10705,Anne McFarland,2015,14.70
MT-17815,Meg Tillman,2017,74.98
AH-10690,Anna Hberlin,2015,106.62
TP-21415,Tom Prescott,2016,-91.11
KT-16480,Kean Thornton,2017,34.32
HH-15010,Hilary Holden,2014,60.27
KE-16420,Kat rina Edelman,2017,-18.38
KN-16705,Kristina Nunn,2015,-183.11
DH-13075,Dave Hallsten,2014,323.13
MG-17695,Maureen Gnade,2015,-392.86
AC-10450,Amy Cox,2015,24.98
TH-21235,Tiffany House,2014,-2.93
JE-15475,Jeremy Ellison,2015,57.22
AG-10675,Anna Gayman,2015,-25.99
PS-18760,Pamela Stobb,2014,11.88
BD-11320,Bil Donatelli,2017,197.79
JB-15400,Jennifer Braxton,2014,-124.57
NF-18385,Natalie Fritzler,2014,186.74
DE-13255,NA,2015,438.48
GH-14665,Greg Hansen,2015,3.07
TH-21100,Thea Hendricks,2017,10.05
MH-18115,Mick Hernandez,2017,387.20
EG-13900,Emily Grady,2015,55.00
BT-11440,Bobby Trafton,2014,-5.37
CS-12250,Chris Selesnick,2016,22.14
GH-14485,Gene Hale,2015,-71.00
LC-16885,Lena Creighton,2017,-67.97
DB-13555,Dorothy Badders,2017,101.29
RP-19270,Rachel Payne,2014,97.86
EB-13870,Emily Burns,2014,16.02
NB-18655,Nona Balk,2016,-157.96
EH-14125,Eugene Hildebrand,2017,265.62
MS-17365,Maribeth chnelling,2016,514.79
AT-10735,Annie Thurman,2017,111.72
ED-13885,NA,2016,185.14
DK-12835,Damala Kotsonis,2014,-22.36
JG-15310,Jason Gross,2017,26.52
KM-16660,Khloe Miller,2015,34.35
MY-18295,Muhammed YeDwab,2014,-103.13
GH-14410,Gary Hansen,2017,-496.24
PS-18760,Pamela Stobb,2017,-166.52
HD-14785,Harold Dahlen,2015,30.99
KH-16330,Katharine Harms,2014,261.33
JK-15370,Jay Kimmel,2017,79.47
DL-13495,Dionis Lloyd,2015,50.35
KC-16675,Kimberly Carter,2017,156.37
SC-20260,Scott Cohen,2017,200.26
JP-16135,Julie Prescott,2016,275.44
RD-19930,Russell DAscenzo,2015,39.00
OT-18730,Olvera Toch,2017,175.55
MS-17530,MaryBeth Skach,2014,2.69
MH-17455,Mark Hamilton,2015,16.18
LH-16750,Larry Hughes,2017,17.67
JH-15910,Jonathan Howell,2017,-125.38
TT-21460,Tonja Turnell,2016,2.40
PB-18805,Patrick Bzostek,2015,7.56
CM-12115,Chad McGuire,2017,400.47
DB-13360,Dennis Bolton,2017,113.54
BS-11665,Brian Stugart,2016,62.26
PN-18775,Parhena Norris,2017,48.35
AC-10660,Anna Chung,2016,8.61
BS-11800,Bryan Spruell,2017,116.94
SJ-20125,Sanjit Jacobs,2016,266.13
ES-14020,Erica Smith,2017,871.82
EH-14005,Erica Hernandez,2017,144.29
DE-13255,NA,2016,16.15
DB-13060,Dave Brooks,2014,409.76
TB-21595,Troy Blackwell,2017,1.37
KB-16240,Karen Bern,2015,19.85
LL-16840,Lauren Leatherbury,2017,44.72
AH-10075,Adam Hart,2017,-54.58
BD-11635,Brian Derr,2015,102.25
NR-18550,Nick Radford,2016,50.59
AY-10555,Andy Yotov,2017,31.04
SG-20470,Sheri Gordon,2016,-18.45
EM-13825,Elizabeth Moffitt,2015,238.47
SR-20740,Steven Roelle,2017,1676.32
TB-21175,Thomas Boland,2017,829.65
TS-21205,Thomas Seio,2016,104.77
BW-11065,Barry Weirich,2014,6.73
TH-21115,Thea Hudgings,2014,5.45
BE-11410,Bobby Elias,2017,178.71
NF-18595,Nicole Fjeld,2017,87.86
RA-19285,Ralph Arnett,2016,-6.57
AZ-10750,Annie Zypern,2017,15.00
CM-12445,Chuck Magee,2014,10.78
DB-12970,Darren Budd,2015,45.65
YC-21895,Yoseph Carroll,2014,833.77
CL-12700,Craig Leslie,2017,164.91
TM-21490,Tony Molinari,2017,292.53
DW-13585,Dorothy Wardle,2015,-371.25
HA-14905,Helen Abelman,2017,-79.00
CC-12100,Chad Cunningham,2014,142.85
VG-21790,Vivek Gonzalez,2014,19.54
PM-18940,Paul MacIntyre,2016,158.53
TS-21370,Todd Sumrall,2014,18.62
RA-19915,Russell Applegate,2014,278.43
GM-14680,Greg Matthias,2014,214.53
EH-14125,Eugene Hildebrand,2014,20.10
AS-10135,Adrian Shami,2017,20.34
CV-12295,Christina VanderZanden,2016,51.98
DH-13675,Duane Huffman,2015,28.89
FA-14230,Frank Atkinson,2014,3.58
AW-10930,Arthur Wiediger,2017,87.22
FC-14335,Fred Chung,2015,12.60
XP-21865,Xylona Preis,2014,202.31
BP-11155,Becky Pak,2016,188.78
JK-15625,Jim Karlsson,2014,303.87
SW-20455,Shaun Weien,2017,50.00
SN-20560,Skye Norling,2017,-1130.43
MP-18175,Mike Pelletier,2016,-295.64
EJ-13720,Ed Jacobs,2014,-7403.61
BP-11185,Ben Peterman,2017,330.74
XP-21865,Xylona Preis,2015,24.85
MG-17875,Michael Grace,2014,-4.52
PM-18940,Paul MacIntyre,2014,21.06
DA-13450,Dianna Arnett,2017,35.07
JE-15745,Joel Eaton,2017,560.58
BE-11335,Bil Eplett,2016,47.24
ND-18460,Neil Ducich,2017,379.25
MH-17785,Maya Herman,2016,7.00
DM-13345,Denise Monton,2017,1374.42
TA-21385,Tom Ashbrook,2014,180.52
SB-20290,Sean Braxton,2017,-907.05
DN-13690,Duane Noonan,2017,138.42
DR-12940,Daniel Raglin,2016,2337.76
AR-10825,Anthony Rawles,2014,10.37
GT-14635,Grant Thornton,2017,-3825.34
TT-21265,Tim Taslimi,2016,32.53
MA-17995,Michelle Arnett,2017,31.94
KN-16390,Katherine Nockton,2017,10.26
EN-13780,Edward Nazzal,2015,51.27
DC-12850,Dan Campbell,2017,-1128.75
BG-11695,Brooke Gillingham,2014,9.70
DK-13225,Dean Katz,2016,227.45
SP-20545,Sibella Parks,2016,-203.15
SD-20485,Shirley Daniels,2014,122.77
ER-13855,Elpida Rittenbach,2015,4.57
RD-19720,Roger Demir,2017,78.99
GH-14485,Gene Hale,2016,-24.49
NH-18610,Nicole Hansen,2016,5.18
JW-16075,Julia West,2016,20.38
JF-15565,Jill Fjeld,2015,147.35
CS-11845,Cari Sayre,2015,-5.73
AP-10720,Anne Pryor,2015,-1.36
GM-14680,Greg Matthias,2017,-57.12
CA-12775,Cynthia Arntzen,2015,-101.60
SN-20560,Skye Norling,2016,229.01
GA-14515,George Ashbrook,2017,139.07
LS-16945,Linda Southworth,2015,9.82
SV-20785,Stewart Visinsky,2015,209.66
Dp-13240,Dean perceR,2016,117.74
RA-19285,Ralph Arnett,2017,317.48
KM-16375,Katherine Murray,2014,955.86
DR-12880,Dan Reichenbach,2015,428.64
ME-17320,Maria Etezadi,2015,-9.56
MS-17830,Melanie Seite,2016,-23.94
BF-10975,Barbara Fisher,2017,6.97
AP-10720,Anne Pryor,2016,243.58
CC-12610,Corey Catlett,2016,-202.27
AT-10735,Annie Thurman,2014,71.66
DK-13090,Dave Kipp,2017,400.99
EH-13765,Edward Hooks,2016,758.80
TB-21625,Trudy Brown,2016,70.93
EM-13960,Eric Murdock,2015,51.93
LH-16900,Lena Hernandez,2016,56.70
AB-10060,Adam Bellavance,2016,1568.05
LC-16870,NA,2015,107.63
CC-12370,Christopher Conant,2017,93.73
PG-18895,Paul Gonzalez,2014,-70.73
DV-13465,Dianna Vittorini,2016,89.95
KB-16600,Ken Brennan,2015,17.00
LE-16810,Laurel Elliston,2014,-12.84
TH-21115,Thea Hudgings,2016,-76.64
AW-10840,Anth ony Witt,2015,-13.50
SN-20560,Skye Norling,2015,184.58
RL-19615,Rob Lucas,2017,68.15
DR-12880,Dan Reichenbach,2017,1086.84
CJ-12010,Caroline Jumper,2016,1382.97
TC-20980,Tamara Chand,2015,37.72
EJ-14155,Eva Jacobs,2017,140.02
DM-13345,Denise Monton,2014,3.71
MC-17845,Michael Chen,2016,60.54
VM-21685,Valerie Mitchum,2014,78.23
MN-17935,Michael Nguyen,2017,254.13
EH-14125,Eugene Hildebrand,2016,-71.64
SC-20305,Sean Christensen,2014,93.40
KN-16705,Kristina Nunn,2016,25.00
JH-15820,John Huston,2015,19.60
HF-14995,Herbert Flentye,2016,-167.31
RB-19570,Rob Beeghly,2016,-5.98
CT-11995,Carol Triggs,2015,19.45
PP-18955,Paul Prost,2017,247.93
KB-16600,Ken Brennan,2014,2.85
LS-17230,Lycoris Saunders,2014,9.33
DD-13570,Dorothy Dickinson,2017,51.97
RW-19630,Rob Williams,2017,321.91
MC-18100,Mick Crebagga,2016,0.93
SC-20770,Stewart Carmichael,2015,147.72
BP-11155,Becky Pak,2017,26.24
FC-14335,Fred Chung,2016,86.15
HL-15040,Hunter Lopez,2014,448.03
BT-11680,Brian Thompson,2014,-199.77
NF-18595,Nicole Fjeld,2014,42.35
AA-10315,Alex Avila,2017,96.51
DD-13570,Dorothy Dickinson,2016,-6.90
SP-20860,Sung Pak,2016,619.14
CD-11920,Carlos Daly,2016,46.94
LA-16780,Laura Armstrong,2014,482.57
LS-16945,Linda Southworth,2017,-350.00
LH-16750,Larry Hughes,2014,-5.04
KB-16585,Ken Black,2016,96.32
AB-10600,Ann Blume,2015,5.07
GM-14695,Greg Maxwell,2014,112.28
BH-11710,Brosina Hoffman,2016,428.93
MC-17590,Matt Collister,2016,379.01
NC-18415,Nathan Cano,2015,36.23
TS-21085,Thais Sissman,2015,-1.35
LA-16780,Laura Armstrong,2016,1526.67
BG-11035,Barry Gonzalez,2015,-998.91
JF-15190,Jamie Frazer,2017,347.08
MG-17890,Michael Granlund,2015,112.33
AS-10630,Ann Steele,2014,71.95
RC-19960,Ryan Crowe,2016,102.93
SJ-20500,Shirley Jackson,2017,-243.16
FG-14260,Frank Gastineau,2017,80.43
JL-15850,John Lucas,2016,-37.95
JM-15580,Jill Matthias,2016,113.72
ME-17725,Max Engle,2016,-1.62
JG-15310,Jason Gross,2016,-22.93
FP-14320,Frank Preis,2016,359.70
LF-17185,Luke Foster,2017,71.54
EB-13870,Emily Burns,2016,84.07
CL-12565,Clay Ludtke,2015,490.37
FC-14245,Frank Carlisle,2015,35.53
TN-21040,Tanja Norvell,2017,22.00
SP-20920,Susan Pistek,2014,24.22
PO-18850,Patrick OBrill,2017,290.64
JF-15190,Jamie Frazer,2014,37.40
MS-17770,Maxwell Schwartz,2016,164.04
CS-11845,Cari Sayre,2017,205.18
RR-19525,Rick Reed,2016,45.68
TS-21340,Toby Swindell,2014,-285.00
KM-16720,Kunst Miller,2016,54.92
KD-16270,Karen Danels,2015,129.49
JF-15190,Jamie Frazer,2015,17.99
EH-14185,Evan Henry,2017,6.42
JL-15835,John Lee,2015,252.43
TB-21400,Tom Boeckenhauer,2014,2567.33
NF-18475,Neil Franzsisch,2016,-18.84
CB-12415,Christy Brittain,2016,201.66
NS-18640,Noel Staavos,2016,-298.25
EG-13900,Emily Grady,2016,46.31
AT-10735,Annie Thurman,2015,739.52
MO-17500,Mary ORourke,2014,6.04
MB-18085,Mick Brown,2017,67.85
DJ-13630,Doug Jacobs,2017,669.79
JK-15205,Jamie Kunitz,2014,47.81
PF-19165,Philip Fox,2014,-407.68
SZ-20035,Sam Zeldin,2017,50.42
MC-17575,Matt Collins,2017,138.90
EM-14200,Evan Minnotte,2017,17.83
PJ-18835,Patrick Jones,2017,43.61
BS-11365,Bi l Shonely,2016,2405.71
TT-21070,Ted Trevino,2015,205.15
LD-17005,Lisa DeCherney,2016,111.26
JD-16060,Julia Dunbar,2015,-29.25
SF-20965,Sylvia Foulston,2016,70.20
SP-20650,Stephanie Phelps,2015,95.84
AI-10855,Arianne Irving,2016,485.32
AB-10015,Aaron Bergman,2014,12.82
SD-20485,Shirley Daniels,2016,20.82
CA-11965,Carol Adams,2014,44.77
DS-13180,David Smith,2015,182.58
KH-16690,Kristen Hastings,2015,-36.13
EM-13810,NA,2016,57.59
KN-16450,Kean Nguyen,2015,-118.58
NP-18670,Nra Paige,2015,80.84
NH-18610,Nicole Hansen,2015,85.83
DK-13375,Dennis Kane,2015,-95.80
BE-11455,Brad Eason,2017,-52.07
DL-13330,Denise Leinenbach,2015,197.99
JS-16030,Joy Smith,2017,-766.57
OT-18730,Olvera Toch,2015,81.00
DB-13660,Duane Benoit,2015,-17.29
JE-15475,Jeremy Ellison,2017,33.60
SC-20050,Sample Company A,2016,146.65
BP-11185,Ben Peterman,2015,66.76
SB-20290,Sean Braxton,2014,-1272.35
AB-10150,Aimee Bixby,2014,261.20
BD-11320,Bil Donatelli,2015,799.49
MH-17455,Mark Hamilton,2017,84.94
BN-11515,Bradley Nguyen,2017,42.57
SP-20650,Stephanie Phelps,2016,100.23
KD-16270,Karen Danels,2014,-1340.60
KL-16555,Kelly Lampkin,2017,-163.66
BS-11755,Bruce Stewart,2017,115.84
LH-16900,Lena Hernandez,2014,282.09
TS-21655,Trudy Schmidt,2015,-34.09
DF-13135,David Flashing,2014,37.88
TP-21415,Tom Prescott,2015,64.52
RB-19330,Randy Bradley,2017,-74.31
NL-18310,Nancy Lomonaco,2017,282.27
EM-14065,ErinMull,2014,59.26
DK-12985,Darren Koutras,2014,-8.08
RC-19960,Ryan Crowe,2014,-98.43
GB-14530,Ge orge Bell,2015,74.29
DC-12850,Dan Campbell,2015,4.89
JH-15910,Jonathan Howell,2015,48.66
TS-21430,Tom Stivers,2016,17.05
CG-12520,Claire Gute,2016,261.49
TH-21100,Thea Hendricks,2015,0.81
JH-15985,Joseph Holt,2014,644.00
JB-15925,Joni Blumstein,2014,72.58
NM-18520,Neoma Murray,2015,-26.66
RM-19375,Raymond Messe,2014,13.83
MC-17845,Michael Chen,2017,242.12
PB-19105,Peter Bhler,2017,13.19
GH-14410,Gary Hansen,2015,38.97
BT-11680,Brian Thompson,2017,35.43
FM-14290,Frank Merwin,2014,22.98
JS-15595,Ji Stevenson,2015,4.53
KH-16690,Kristen Hastings,2016,7.18
SG-20890,Susan Gilcrest,2014,2.94
SM-20320,Sean Miller,2017,34.28
TS-21505,NA,2014,87.45
MS-17365,Maribeth chnelling,2015,145.51
AF-10870,Art Ferguson,2016,390.80
TR-21325,Toby Ritter,2016,115.04
KB-16600,Ken Brennan,2016,14.62
DK-13090,Dave Kipp,2016,-38.31
AJ-10945,Ashley Jarboe,2016,33.22
MM-17260,Magdelene Morse,2017,-39.46
RR-19315,Ralph Ritter,2017,-77.30
BW-11200,Ben Wallace,2014,87.45
SC-20050,Sample Company A,2014,764.53
ES-14020,Erica Smith,2016,71.99
RE-19450,Richard Eichhorn,2017,9.74
TH-21100,Thea Hendricks,2014,-155.27
KN-16390,Katherine Nockton,2015,-191.36
MR-17545,Mathew Reese,2014,9.11
MD-17860,Michael Dominguez,2017,43.31
FH-14365,Fred Hopkins,2017,76.82
BM-11575,Brendan Murry,2017,-51.19
BP-11050,Barry Pond,2017,24.18
EJ-14155,Eva Jacobs,2014,-23.49
MH-17620,Matt Hagelstein,2016,-0.37
PB-19210,Phillip Breyer,2014,21.20
JK-16120,Julie Kriz,2017,-273.77
AH-10195,Alan Haines,2016,-349.36
CT-11995,Carol Triggs,2017,159.26
KH-16690,Kristen Hastings,2014,1038.59
LW-16990,Lindsay Williams,2017,340.51
HW-14935,Helen Waerman,2017,1946.70
RK-19300,Ralph Kennedy,2015,265.58
ML-17395,Marina Lichtenstein,2017,11.10
AS-10090,Adam Shillingsburg,2016,22.55
AC-10420,Alyssa Crouse,2017,-69.06
HJ-14875,Heather Jas,2015,28.71
CD-11920,Carlos Daly,2014,11.70
MG-17680,Maureen Gastineau,2015,-1.20
PO-18850,Patrick OBrill,2015,7.32
SJ-20125,Sanjit Jacobs,2015,-65.82
WB-21850,William Brown,2014,106.42
EB-13930,Eric Barreto,2014,1.35
MY-17380,Maribeth Yedwab,2016,33.05
JE-16165,Justin Ellison,2017,13.67
KD-16345,Katherine Ducich,2014,64.70
BW-11200,Ben Wallace,2016,173.66
IM-15055,Ionia McGrath,2014,19.24
DK-13225,Dean Katz,2015,-339.65
EL-13735,Ed Ludwig,2017,18.45
JD-15895,Jonathan Doherty,2016,1179.82
DO-13435,Denny Ordway,2015,-136.09
GG-14650,Greg Guthrie,2016,15.93
DB-13405,Denny Blanton,2015,266.33
FO-14305,Frank Olsen,2017,-70.98
TB-21250,Tim Brockman,2017,-31.68
MC-17635,Matthew Clasen,2017,-317.03
LT-16765,Larry Tron,2017,23.24
MS-17770,Maxwell Schwartz,2017,9.70
BM-11650,Brian Moss,2016,-2.03
JD-16060,Julia Dunbar,2017,131.89
RE-19450,Richard Eichhorn,2014,-24.87
MA-17995,Michelle Arnett,2016,191.39
HL-15040,Hunter Lopez,2017,5045.86
SC-20695,Steve Chapman,2014,52.53
FH-14365,Fred Hopkins,2014,-172.46
AS-10045,Aaron Smayling,2014,32.23
JG-15115,Jack Garza,2015,-50.17
ST-20530,Shui Tom,2015,27.01
DP-13000,Darren Powers,2017,-48.17
MK-18160,Mike Kennedy,2014,-22.69
BF-11215,Benjamin Farhat,2016,173.24
AS-10225,Alan Schoenberger,2014,444.69
SP-20620,Stefania Perrino,2016,-171.23
BG-11740,Bruce Geld,2015,15.07
CS-12175,Charles Sheldon,2014,98.11
NP-18700,Nora Preis,2017,71.95
BF-11005,Barry Franz,2016,-365.72
PF-19225,Phillip Flathmann,2016,513.27
LR-16915,Lena Radford,2016,172.50
FA-14230,Frank Atkinson,2015,224.56
LC-17140,Logan Currie,2017,2.40
DN-13690,Duane Noonan,2014,179.72
GZ-14470,Gary Zandusky,2016,652.32
AH-10030,Aaron Hawkins,2015,136.56
JW-15955,Joni Waerman,2016,1.20
JS-15940,Joni Sundaresam,2015,-312.06
RR-19525,Rick Reed,2015,32.50
SV-20785,Stewart Visinsky,2014,189.13
LO-17170,Lori Olson,2015,34.45
SW-20275,Scott Williamson,2014,11.00
ER-13855,Elpida Rittenbach,2016,-299.90
PO-19180,Philisse Overcash,2017,153.55
JB-15400,Jennifer Braxton,2016,-98.62
JH-15985,Joseph Holt,2015,-1429.38
CC-12220,Chris Cortes,2016,-33.05
PO-19180,Philisse Overcash,2015,823.24
JC-15385,Jenna Caffey,2017,502.93
DL-13495,Dionis Lloyd,2017,-200.58
NP-18700,Nora Preis,2016,272.92
MV-17485,Mark Van Huff,2014,15.08
DB-12910,Daniel Byrd,2014,3.63
MS-17710,Maurice Satty,2016,-93.10
RH-19495,Rick Hansen,2015,480.63
MM-18280,Muhammed MacIntyre,2017,33.04
MS-17830,Melanie Seite,2014,10.92
JG-15160,James Galang,2015,736.76
BN-11515,Bradley Nguyen,2014,185.37
MV-17485,Mark Van Huff,2015,-1.28
CL-12565,Clay Ludtke,2017,529.60
SS-20410,ShahiShariari,2015,-504.24
BF-10975,Barbara Fisher,2015,0.96
RB-19435,Richard Bierner,2015,49.57
BT-11395,Bil Tyler,2014,74.81
EH-13765,Edward Hooks,2014,4.05
NB-18655,Nona Balk,2017,61.16
BD-11635,Brian Derr,2014,11.49
CR-12730,Craig Reiter,2017,253.37
AP-10915,Arthur Prichep,2016,338.86
TC-21535,Tracy Collins,2015,30.65
MH-18025,Michelle Huthwaite,2017,374.93
PG-18895,Paul Gonzalez,2015,174.73
SM-20320,Sean Miller,2015,-225.52
AG-10765,Anthony Garverick,2014,-4.12
TC-21145,Theresa Coyne,2017,265.59
AH-10075,Adam Hart,2016,332.64
BT-11395,Bil Tyler,2016,3.35
JH-15820,John Huston,2017,-19.94
DW-13540,Don Weiss,2016,16.01
DK-12835,Damala Kotsonis,2015,369.26
JL-15175,James Lanier,2017,110.48
DW-13195,David Wiener,2014,55.47
NF-18385,Natalie Fritzler,2016,-66.17
EG-13900,Emily Grady,2017,2.59
DG-13300,Deirdre Greer,2016,9.33
AB-10255,Alejandro Ballentine,2017,197.67
BD-11725,Bruce Degenhardt,2017,166.98
PS-18970,Paul Stevenson,2016,3.44
FG-14260,Frank Gastineau,2014,314.52
DM-12955,Dario Medina,2014,58.40
LS-17245,Lynn Smith,2016,60.37
BD-11500,Bradley Drucker,2014,309.08
NG-18355,Nat Gilpin,2014,219.08
LH-17020,Lisa Hazard,2017,-152.87
JM-15580,Jill Matthias,2017,-0.60
NB-18580,Nicole Brennan,2014,24.79
DF-13135,David Flashing,2015,99.94
SC-20260,Scott Cohen,2014,96.77
BP-11290,Beth Paige,2017,-183.00
TT-21460,Tonja Turnell,2017,840.98
LS-17200,Luke Schmidt,2014,167.72
LT-17110,Liz Thompson,2014,238.40
PG-18895,Paul Gonzalez,2017,220.26
AG-10300,Aleksandra Gannaway,2016,20.49
PC-18745,Pamela Coakley,2017,-0.99
MM-17920,Michael Moore,2016,447.84
RD-19585,Rob Dowd,2017,66.27
SS-20515,Shirley Schmidt,2015,174.01
JL-15505,Jeremy Lonsdale,2014,41.27
JB-16045,Julia Barnett,2017,9.89
EK-13795,Eileen Kiefer,2014,70.49
EM-14140,Eugene Moren,2014,2.21
KB-16240,Karen Bern,2014,-1.00
PJ-19015,Pauline Johnson,2014,2.78
DK-12835,Damala Kotsonis,2017,349.28
PS-18760,Pamela Stobb,2015,-113.10
KC-16675,Kimberly Carter,2014,5.82
BE-11335,Bil Eplett,2017,1440.55
CM-12190,Charlotte Melton,2015,16.89
SD-20485,Shirley Daniels,2015,1954.80
JF-15565,Jill Fjeld,2017,-1.49
KD-16615,NA,2016,68.22
DP-13165,David Philippe,2014,-41.94
SC-20575,Sonia Cooley,2014,32.39
AH-10030,Aaron Hawkins,2017,2.34
SC-20230,Scot Coram,2017,4.18
TP-21565,Tracy P oddar,2016,104.74
KM-16375,Katherine Murray,2017,-140.70
AH-10120,Adrian Hane,2016,-299.15
MH-18115,Mick Hernandez,2016,-216.22
SN-20710,Steve Nguyen,2016,375.78
NG-18430,Nathan Gelder,2015,54.00
ED-13885,NA,2014,18.48
EM-14065,ErinMull,2017,-14.44
BD-11560,Brendan Dodson,2015,36.47
TP-21130,Theone Pippenger,2015,-1.85
LT-16765,Larry Tron,2014,15.64
PF-19165,Philip Fox,2016,478.68
CL-12565,Clay Ludtke,2014,199.77
CB-12415,Christy Brittain,2017,74.23
DB-13660,Duane Benoit,2017,199.44
TB-21400,Tom Boeckenhauer,2017,218.55
MM-18055,Michelle Moray,2017,-403.76
KN-16390,Katherine Nockton,2014,29.95
JR-16210,Justin Ritter,2016,44.21
BD-11605,Brian Dahlen,2016,124.51
MR-17545,Mathew Reese,2017,153.35
AS-10090,Adam Shillingsburg,2017,-331.64
DB-13270,Deborah Brumfield,2016,810.57
NH-18610,Nicole Hansen,2017,635.96
NS-18505,Neola Schneider,2016,19.55
CR-12580,Clay Rozendal,2016,-34.40
CS-11950,Carlos Soltero,2016,-131.21
CL-12565,Clay Ludtke,2016,713.45
HM-14860,Harry Marie,2014,-79.13
SV-20365,Seth Vernon,2014,-218.93
JL-15130,Jack Lebron,2016,1.39
PF-19165,Philip Fox,2017,50.65
AA-10480,Andrew Allen,2014,9.89
GD-14590,Giulietta Dortch,2014,21.66
JW-15220,Jane Waco,2015,89.20
CC-12220,Chris Cortes,2015,21.01
TB-21280,Toby Braunhardt,2016,290.98
RA-19885,Ruben Ausman,2014,776.48
BM-11785,Bryan Mills,2014,114.10
CG-12040,Catherine Glotzbach,2015,5.76
DJ-13510,Don Jones,2016,100.20
CV-12295,Christina VanderZanden,2017,277.62
SF-20965,Sylvia Foulston,2017,8.49
BG-11035,Barry Gonzalez,2017,221.68
LS-17245,Lynn Smith,2014,230.21
MD-17350,Maribeth Dona,2017,-194.56
JF-15355,Jay Fein,2016,40.75
EB-13870,Emily Burns,2017,-80.44
MZ-17515,Mary Zewe,2017,17.38
BG-11035,Barry Gonzalez,2016,12.24
RA-19285,Ralph Arnett,2014,0.00
BH-11710,Brosina Hoffman,2014,235.35
DL-12865,Dan Lawera,2017,-6.90
BG-11695,Brooke Gillingham,2015,28.31
SR-20425,Sharelle Roach,2017,-3391.66
GD-14590,Giulietta Dortch,2016,-155.30
RL-19615,Rob Lucas,2016,-6.57
SE-20110,Sanjit Engle,2017,-236.83
DP-13390,Dennis Pardue,2014,83.79
LC-17140,Logan Currie,2016,235.33
RB-19360,Raymond Buch,2017,6780.90
SF-20200,Sarah Foster,2017,294.84
NW-18400,Natalie Webber,2016,-255.46
FM-14215,Filia McAdams,2014,228.77
PW-19240,Pierre Wener,2014,-86.27
CC-12370,Christopher Conant,2016,2083.34
BT-11305,Beth Thompson,2015,87.46
RM-19375,Raymond Messe,2015,19.97
AJ-10945,Ashley Jarboe,2017,167.94
LR-16915,Lena Radford,2017,-272.58
CD-12790,Cynthia Delaney,2015,2.53
NP-18325,NA,2015,852.92
SC-20050,Sample Company A,2017,91.45
MP-17470,Mark Packer,2015,311.50
MJ-17740,Max Jones,2016,728.75
HG-14965,Henry Goldwyn,2014,2.45
JR-15670,Jim Radford,2016,0.00
SC-20380,ShahiCollister,2016,-25.00
MV-18190,Mike Vitt orini,2014,11.90
TS-21610,Troy Staebel,2016,-57.29
HM-14980,Henry MacAllister,2016,1.73
SC-20020,Sam Craven,2014,-360.83
DS-13180,David Smith,2016,-46.95
LC-16930,Linda Cazamias,2014,29.34
CP-12340,Christine Phan,2016,242.84
FW-14395,Fred Waerman,2015,5.48
VS-21820,Vivek Sundaresam,2017,-6.42
GT-14710,Greg Tran,2015,974.31
NC-18340,Nat Carroll,2016,26.29
CS-11860,Cari Schnelling,2015,-2.84
SC-20260,Scott Cohen,2015,373.95
DB-13660,Duane Benoit,2014,31.01
AR-10405,Allen Rosenblatt,2014,17.59
DW-13480,Dianna Wilson,2014,1154.67
JP-15520,Jeremy Pistek,2016,130.51
DL-12865,Dan Lawera,2016,311.98
KF-16285,Karen Ferguson,2016,371.05
SC-20440,Shaun Chance,2017,4.29
EJ-14155,Eva Jacobs,2016,335.35
DS-13180,David Smith,2014,57.59
EH-14185,Evan Henry,2016,209.28
DL-12865,Dan Lawera,2014,7.73
BD-11770,Bryan Davis,2016,110.70
RH-19495,Rick Hansen,2017,48.21
JA-15970,Joseph Airdo,2014,96.93
JF-15415,Jennifer Ferguson,2017,550.86
SF-20965,Sylvia Foulston,2015,448.98
BF-11170,Ben Ferrer,2017,437.78
MA-17995,Michelle Arnett,2014,53.70
SR-20740,Steven Roelle,2014,130.18
GK-14620,Grace Kelly,2017,3.45
SZ-20035,Sam Zeldin,2014,6.49
DM-13015,Darrin Martin,2015,6.60
MB-18085,Mick Brown,2016,45.32
AA-10645,Anna Andreadi,2017,6.22
ZD-21925,Zuschuss Donatelli,2017,16.59
LB-16795,Laurel Beltran,2016,-658.62
EB-13750,Edward Becker,2015,177.41
Dp-13240,Dean perceR,2017,-1031.12
CS-11860,Cari Schnelling,2014,93.74
DD-13570,Dorothy Dickinson,2014,-8.63
IG-15085,Ivan Gibson,2015,144.35
HG-15025,Hunter Glantz,2015,55.90
RA-19885,Ruben Ausman,2015,1.67
SL-20155,Sara Luxemburg,2016,3.11
MK-17905,Michael Kennedy,2014,43.22
JK-15730,Joe Kamberova,2015,42.08
DB-13360,Dennis Bolton,2015,15.61
AR-10825,Anthony Rawles,2016,370.30
AG-10495,Andrew Gjertsen,2017,25.05
EB-13840,Ellis Ballard,2017,81.70
BS-11380,Bil Stewart,2017,-228.10
KT-16480,Kean Thornton,2014,103.44
MH-17785,Maya Herman,2015,94.71
CR-12625,Corey Roper,2016,30.45
NF-18475,Neil Franzsisch,2015,72.89
GZ-14545,George Zrebassa,2014,12.00
DO-13435,Denny Ordway,2016,8.50
BK-11260,Berenike Kampe,2016,2.23
AF-10870,Art Ferguson,2015,2.02
SH-20395,ShahiHopkins,2017,106.91
VT-21700,Valerie Takahito,2014,33.00
NK-18490,Neil Knudson,2016,39.41
HG-14965,Henry Goldwyn,2016,136.14
QJ-19255,Quincy Jones,2015,1014.47
DN-13690,Duane Noonan,2016,222.39
AS-10225,Alan Schoenberger,2017,268.43
HG-14965,Henry Goldwyn,2017,-2971.38
DB-13360,Dennis Bolton,2016,81.97
TS-21655,Trudy Schmidt,2017,-110.05
JG-15160,James Galang,2016,230.36
BS-11590,Brendan Sweed,2015,103.10
BP-11230,Benjamin Patterson,2015,-255.74
MH-17785,Maya Herman,2017,3.35
SW-20755,Steven Ward,2014,19.72
KB-16315,Karl Braun,2016,27.53
BB-11545,Brenda Bowman,2015,-77.85
TZ-21580,Tracy Zic,2016,75.98
SZ-20035,Sam Zeldin,2015,260.19
LW-16825,Laurel Workman,2017,2.32
JP-15460,Jennifer Patt,2016,307.34
SM-20320,Sean Miller,2014,-1789.74
RB-19435,Richard Bierner,2017,362.94
AA-10315,Alex Avila,2015,7.00
PL-18925,Paul Lucas,2016,-13.65
MK-17905,Michael Kennedy,2016,-456.26
SV-20365,Seth Vernon,2016,39.77
AG-10900,Arthur Gainer,2017,-71.97
JM-15655,Jim Mitchum,2016,65.90
JP-16135,Julie Prescott,2017,19.51
CA-12310,Christine Abelman,2016,2.10
LH-16900,Lena Hernandez,2017,65.22
RH-19495,Rick Hansen,2014,34.94
PG-18820,Patrick Gardner,2016,551.30
RA-19945,Ryan Akin,2017,-105.50
AS-10240,Alan Shonely,2014,37.35
CP-12085,Cathy Prescott,2017,230.57
JK-15625,Jim Karlsson,2015,438.00
GM-14455,Gary Mitchum,2017,374.62
JL-15235,Janet Lee,2015,53.47
DP-13165,David Philippe,2015,1.00
RA-19885,Ruben Ausman,2016,3.89
AA-10375,Allen Armold,2014,16.72
RF-19735,Roland Fjeld,2014,22.65
LC-16870,NA,2017,-3.90
IG-15085,Ivan Gibson,2017,92.92
GG-14650,Greg Guthrie,2017,-10.07
KH-16330,Katharine Harms,2016,43.90
AW-10930,Arthur Wiediger,2015,64.25
AS-10090,Adam Shillingsburg,2015,243.86
AR-10345,Alex Russell,2015,-2.57
KL-16555,Kelly Lampkin,2016,50.12
MD-17860,Michael Dominguez,2014,-47.36
DB-13210,Dean Braden,2015,-41.79
DB-13270,Deborah Brumfield,2017,-15.55
PT-19090,Pete Takahito,2014,-8.03
GM-14680,Greg Matthias,2016,-121.94
SO-20335,Sean ODonnell,2017,200.89
GH-14410,Gary Hansen,2016,-173.08
AH-10075,Adam Hart,2015,0.34
MM-18055,Michelle Moray,2014,130.68
CC-12145,Charles Crestani,2014,78.74
CC-12685,Craig Carroll,2015,895.35
KM-16720,Kunst Miller,2015,112.10
HA-14920,Helen Andreada,2015,197.84
MG-18145,Mike Gockenbach,2014,-152.72
EP-13915,Emily Phan,2014,175.00
SC-20050,Sample Company A,2015,9.10
FH-14365,Fred Hopkins,2016,6.91
JD-16150,Justin Deggeller,2015,212.64
JK-15640,Jim Kriz,2017,981.67
AS-10630,Ann Steele,2015,-10.81
KD-16345,Katherine Ducich,2017,20.36
AC-10450,Amy Cox,2016,381.04
DJ-13510,Don Jones,2017,57.32
JB-15925,Joni Blumstein,2015,-359.56
ES-14080,Erin Smith,2014,134.03
LS-16975,Lindsay Shagiari,2015,-108.20
EK-13795,Eileen Kiefer,2017,6.07
DB-13360,Dennis Bolton,2014,79.89
NZ-18565,Nick Zandusky,2016,-30.61
FH-14350,Fred Harton,2017,340.37
PO-18850,Patrick OBrill,2016,-316.63
PV-18985,PaulVan Hugh,2016,155.32
JF-15490,Jeremy Farry,2014,35.40
SK-19990,Sally Knutson,2017,165.35
HM-14980,Henry MacAllister,2015,73.82
RB-19645,Robert Barroso,2016,19.33
BS-11590,Brendan Sweed,2017,168.47
TS-21370,Todd Sumrall,2017,1218.01
JK-16120,Julie Kriz,2015,47.93
AG-10300,Aleksandra Gannaway,2014,28.75
IM-15070,Irene Maddox,2016,329.30
EM-14095,Eudokia Martin,2015,192.67
VW-21775,Victoria Wilson,2014,-65.32
MC-18130,Mike Caudle,2015,9.81
DK-13150,David K lendrick,2017,171.77
SW-20245,Scot Wooten,2015,-10.84
DP-13390,Dennis Pardue,2016,1694.64
VG-21805,Vivek Grady,2014,-82.88
SC-20020,Sam Craven,2015,43.32
SC-20800,Stuart Calhoun,2016,9.00
BP-11050,Barry Pond,2014,2.50
DK-12895,Dana Kaydos,2015,609.59
CV-12805,Cynthia Voltz,2017,134.09
RP-19855,Roy Phan,2015,375.38
DG-13300,Deirdre Greer,2015,0.42
RF-19840,Roy Franzsisch,2016,264.16
ME-17320,Maria Etezadi,2017,74.00
BS-11665,Brian Stugart,2015,175.39
TS-21430,Tom Stivers,2017,14.71
EM-13825,Elizabeth Moffitt,2017,444.42
NL-18310,Nancy Lomonaco,2014,8.28
KC-16675,Kimberly Carter,2016,-4.95
RD-19930,Russell DAscenzo,2014,-23.29
EC-14050,Erin Creighton,2014,-4.02
LM-17065,Liz MacKendrick,2015,-142.52
TS-21205,Thomas Seio,2014,471.81
PB-19150,Philip Brown,2014,12.30
RL-19615,Rob Lucas,2014,42.29
DH-13075,Dave Hallsten,2015,783.24
RD-19930,Russell DAscenzo,2017,19.33
IL-15100,Ivan Liston,2017,438.68
CS-12355,Christine Sundaresam,2016,10.32
BG-11740,Bruce Geld,2014,3.22
MJ-17740,Max Jones,2017,403.72
BB-11545,Brenda Bowman,2017,660.69
MZ-17335,Maria Zettner,2015,69.35
JB-16000,Joy Bell,2016,15.97
SP-20920,Susan Pistek,2017,-18.55
JK-15205,Jamie Kunitz,2016,1.03
JR-16210,Justin Ritter,2015,152.39
MV-18190,Mike Vitt orini,2017,21.47
RP-19270,Rachel Payne,2016,11.70
DB-13615,Doug Bickford,2015,342.08
AC-10420,Alyssa Crouse,2016,21.59
CA-12775,Cynthia Arntzen,2016,1.67
RH-19555,Ritsa Hightower,2015,-6.03
TC-21295,Toby Carlisle,2017,231.66
ND-18460,Neil Ducich,2014,45.43
SD-20485,Shirley Daniels,2017,-113.20
PW-19030,Pauline Webber,2015,15.15
CS-12250,Chris Selesnick,2017,174.26
BD-11560,Brendan Dodson,2017,80.24
RD-19810,Ross DeVincentis,2014,7.66
SW-20245,Scot Wooten,2014,-27.20
SP-20650,Stephanie Phelps,2014,72.40
TN-21040,Tanja Norvell,2014,21.25
KD-16270,Karen Danels,2016,2318.71
NP-18325,NA,2017,41.82
TZ-21580,Tracy Zic,2014,132.30
LT-17110,Liz Thompson,2015,76.22
CA-12055,Cthy Armstrong,2015,-47.73
DR-12940,Daniel Raglin,2017,211.97
JD-16150,Justin Deggeller,2016,272.20
JK-15640,Jim Kriz,2014,10.19
TS-21160,Theresa Swint,2016,-48.91
DC-12850,Dan Campbell,2016,-239.55
AG-10675,Anna Gayman,2017,61.15
IM-15070,Irene Maddox,2014,240.60
NW-18400,Natalie Webber,2015,1654.06
JF-15415,Jennifer Ferguson,2015,56.64
MC-17425,Mark Cousins,2014,135.00
DW-13480,Dianna Wilson,2017,162.99
SV-20935,Susan Vittorini,2016,-30.20
SC-20695,Steve Chapman,2016,347.96
KM-16720,Kunst Miller,2014,213.70
RA-19285,Ralph Arnett,2015,234.81
MG-17650,Matthew Grinstein,2017,112.69
LP-17080,Liz Pelletier,2016,21.94
GG-14650,Greg Guthrie,2014,122.55
AA-10375,Allen Armold,2017,68.92
YS-21880,Yana Sorensen,2017,1524.13
NK-18490,Neil Knudson,2015,1.79
AB-10105,Adrian Barton,2017,340.64
TT-21070,Ted Trevino,2017,422.93
MP-18175,Mike Pelletier,2017,119.69
KB-16585,Ken Black,2015,66.42
SJ-20215,Sarah Jordon,2017,-26.04
CM-12115,Chad McGuire,2015,8.11
NB-18655,Nona Balk,2014,87.38
PL-18925,Paul Lucas,2014,31.83
JS-15685,Jim Sink,2016,-99.99
MM-17260,Magdelene Morse,2014,51.36
EH-13945,Eric Hoffmann,2016,-13.38
HM-14980,Henry MacAllister,2017,41.23
PG-18895,Paul Gonzalez,2016,10.71
JR-16210,Justin Ritter,2017,255.77
DB-12970,Darren Budd,2014,17.78
NC-18535,Nick Crebassa,2016,16.79
MY-17380,Maribeth Yedwab,2017,283.44
JC-15340,Jasper Cacioppo,2016,-4.08
CM-12160,Charles McCrossin,2017,-78.62
EH-14005,Erica Hernandez,2016,9.95
CM-11935,Carlos Meador,2015,13.17
CY-12745,Craig Yedwab,2014,-336.63
CC-12610,Corey Catlett,2015,18.31
HL-15040,Hunter Lopez,2016,128.54
TS-21505,NA,2017,-6.23
JM-16195,Justin MacKendrick,2015,221.33
CK-12760,Cyma Kinney,2016,101.86
RC-19825,Roy Collins,2016,56.69
SC-20845,Sung Chung,2016,1.23
MC-17590,Matt Collister,2017,47.18
JE-15745,Joel Eaton,2014,42.09
CM-11815,Candace McMahon,2016,3.69
LF-17185,Luke Foster,2015,146.21
GM-14440,Gary McGarr,2016,108.18
JF-15295,Jason Fortune,2014,47.35
GM-14500,Gene McClure,2017,61.60
AH-10690,Anna Hberlin,2014,46.20
AR-10345,Alex Russell,2014,-242.44
JC-15775,John Castell,2014,64.08
FP-14320,Frank Preis,2014,138.01
AB-10255,Alejandro Ballentine,2016,26.07
TS-21610,Troy Staebel,2014,-227.49
GW-14605,Giulietta Weimer,2015,134.33
FM-14290,Frank Merwin,2016,-356.98
RW-19690,Robert Waldorf,2016,-2.63
ON-18715,Odella Nelson,2016,-157.53
RB-19645,Robert Barroso,2015,28.43
JS-16030,Joy Smith,2016,451.92
RB-19360,Raymond Buch,2016,195.46
EB-13750,Edward Becker,2017,-397.51
NP-18670,Nra Paige,2016,246.10
SF-20065,Sandra Flanagan,2015,15.98
JJ-15445,Jennifer Jackson,2016,18.71
DB-12970,Darren Budd,2016,84.30
CB-12535,Claudia Bergmann,2015,249.13
KH-16510,Keith Herrera,2017,431.29
VG-21805,Vivek Grady,2017,2.41
CC-12100,Chad Cunningham,2015,77.45
LS-17200,Luke Schmidt,2017,57.82
SF-20200,Sarah Foster,2015,-87.01
AR-10510,Andrew Roberts,2015,27.99
JL-15175,James Lanier,2015,41.14
LL-16840,Lauren Leatherbury,2014,110.88
JK-15325,Jason Klamczynski,2016,11.68
TB-21175,Thomas Boland,2014,6.04
BP-11095,Bart Pistole,2017,228.64
RS-19870,Roy Skaria,2016,3.50
TA-21385,Tom Ashbrook,2017,4599.21
JS-15880,John Stevenson,2014,-94.66
PJ-19015,Pauline Johnson,2017,609.43
RA-19915,Russell Applegate,2016,115.46
SS-20875,Sung Shariari,2017,14.82
RC-19960,Ryan Crowe,2017,6.04
KB-16240,Karen Bern,2017,763.56
PN-18775,Parhena Norris,2015,6.46
CD-12790,Cynthia Delaney,2014,40.21
BP-11050,Barry Pond,2016,182.98
CC-12430,Chuck Clark,2015,60.39
RD-19585,Rob Dowd,2016,24.23
AS-10630,Ann Steele,2016,6.37
TT-21220,Thomas Thornton,2016,60.39
JE-16165,Justin Ellison,2016,776.35
CS-12175,Charles Sheldon,2017,-3.31
JK-15730,Joe Kamberova,2014,-212.61
ED-13885,NA,2015,574.81
GM-14500,Gene McClure,2015,359.46
CB-12415,Christy Brittain,2015,-3.49
KW-16435,Kat rina Willman,2016,32.16
MT-18070,Michelle Tran,2015,-6.29
EB-13840,Ellis Ballard,2016,0.00
RP-19855,Roy Phan,2014,56.53
BG-11035,Barry Gonzalez,2014,54.19
EH-14005,Erica Hernandez,2014,-248.96
CC-12670,Craig Carreira,2014,11.30
BW-11065,Barry Weirich,2015,12.11
MB-17305,Maria Bertelson,2017,65.67
AF-10885,Art Foster,2016,-5.75
KM-16660,Khloe Miller,2016,11.83
TC-21295,Toby Carlisle,2016,-27.83
RH-19510,Rick Huthwaite,2014,10.96
HW-14935,Helen Waerman,2015,17.20
AJ-10780,Anthony Jacobs,2015,5.32
BD-11620,Brian DeCherney,2016,20.18
JM-15250,Janet Martin,2017,-135.65
TR-21325,Toby Ritter,2017,76.80
VW-21775,Victoria Wilson,2016,-188.81
GT-14710,Greg Tran,2016,366.71
NC-18415,Nathan Cano,2014,10.04
GA-14515,George Ashbrook,2016,53.56
CC-12145,Charles Crestani,2016,7.86
AZ-10750,Annie Zypern,2015,34.34
GB-14530,Ge orge Bell,2014,-33.19
ML-17410,Maris LaWare,2014,254.24
BB-10990,Barry Blumstein,2015,-8.22
JD-16150,Justin Deggeller,2014,17.56
ME-17320,Maria Etezadi,2016,451.46
KH-16360,Katherine Hughes,2014,-32.05
KC-16255,Karen Carlisle,2016,523.09
GM-14440,Gary McGarr,2017,36.31
DV-13045,Darrin Van Huff,2017,-445.11
GM-14500,Gene McClure,2014,2.69
BF-10975,Barbara Fisher,2016,157.38
TS-21340,Toby Swindell,2017,7.29
CD-11920,Carlos Daly,2015,17.75
EH-13945,Eric Hoffmann,2015,10.62
KM-16225,Kalyca Meade,2017,128.93
GG-14650,Greg Guthrie,2015,-115.72
MG-17680,Maureen Gastineau,2017,14.18
CK-12760,Cyma Kinney,2017,-521.39
AT-10435,Alyssa Tate,2014,0.84
SS-20875,Sung Shariari,2015,-79.33
QJ-19255,Quincy Jones,2014,120.04
MC-17275,Marc Crier,2014,235.23
BP-11095,Bart Pistole,2016,19.68
PJ-18835,Patrick Jones,2016,8.20
MD-17350,Maribeth Dona,2016,-14.22
JM-15265,Janet Molinari,2014,59.06
AG-10270,Alejandro Grove,2015,16.96
GH-14425,Gary Hwang,2017,43.60
BF-11020,Barry Franzsisch,2017,4.60
PM-18940,Paul MacIntyre,2015,-21.71
JO-15145,Jack OBriant,2016,440.01
LB-16735,Larry Blacks,2017,7.91
CC-12610,Corey Catlett,2017,33.78
AJ-10780,Anthony Jacobs,2017,208.05
GB-14575,Giulietta Baptist,2015,767.60
FH-14275,Frank Hawley,2016,166.29
AJ-10960,Astrea Jones,2014,57.66
DL-12925,Daniel Lacy,2017,24.87
KL-16645,Ken Lonsdale,2016,-3.35
AF-10885,Art Foster,2014,-258.56
MG-17695,Maureen Gnade,2014,-22.64
SW-20350,Sean Wendt,2016,146.09
CM-12190,Charlotte Melton,2017,74.32
SC-20695,Steve Chapman,2017,-11.60
KD-16495,Keith Dawkins,2014,35.02
ME-18010,Michelle Ellison,2014,104.98
KA-16525,Kelly Andreada,2015,77.97
KD-16345,Katherine Ducich,2015,243.53
BV-11245,Benjamin Venier,2016,127.01
JS-15940,Joni Sundaresam,2014,2.87
VG-21805,Vivek Grady,2016,28.14
CK-12595,Clytie Kelty,2015,-36.93
LC-16930,Linda Cazamias,2017,12.04
JE-15610,Jim Epp,2014,27.19
DL-12925,Daniel Lacy,2015,304.39
JM-15265,Janet Molinari,2016,306.55
AS-10630,Ann Steele,2017,69.09
MF-17665,Maureen Fritzler,2014,-459.99
KL-16645,Ken Lonsdale,2015,252.53
ME-18010,Michelle Ellison,2015,8.77
GM-14695,Greg Maxwell,2017,-99.18
BE-11410,Bobby Elias,2016,577.20
RP-19855,Roy Phan,2017,19.81
CK-12595,Clytie Kelty,2017,211.09
EH-13945,Eric Hoffmann,2017,34.40
AC-10450,Amy Cox,2017,876.48
DP-13390,Dennis Pardue,2017,17.25
CR-12730,Craig Reiter,2014,-6.02
BN-11470,Brad Norvell,2017,7.84
RW-19540,Rick Wi lson,2017,1660.85
EH-14125,Eugene Hildebrand,2015,-117.87
BP-11185,Ben Peterman,2016,-33.89
PC-18745,Pamela Coakley,2016,76.98
RP-19270,Rachel Payne,2015,-50.04
BM-11575,Brendan Murry,2016,109.44
EB-14170,Evan Bailliet,2014,155.02
BT-11305,Beth Thompson,2017,39.23
NC-18340,Nat Carroll,2017,216.58
MM-18280,Muhammed MacIntyre,2016,8.84
AB-10600,Ann Blume,2014,-23.89
ZD-21925,Zuschuss Donatelli,2014,25.49
KH-16630,Ken Heidel,2014,128.43
PP-18955,Paul Prost,2014,472.39
SP-20620,Stefania Perrino,2014,67.46
LM-17065,Liz MacKendrick,2016,21.54
AM-10360,Alice McCarthy,2014,7.68
TC-21295,Toby Carlisle,2014,402.54
DK-13225,Dean Katz,2017,316.47
CP-12340,Christine Phan,2015,-1044.46
GB-14575,Giulietta Baptist,2017,295.02
DV-13465,Dianna Vittorini,2014,9.72
TT-21220,Thomas Thornton,2014,18.38
DS-13030,Darrin Sayre,2014,29.47
PS-18970,Paul Stevenson,2017,44.94
NZ-18565,Nick Zandusky,2015,82.82
JF-15415,Jennifer Ferguson,2014,28.14
AR-10405,Allen Rosenblatt,2015,105.47
VM-21685,Valerie Mitchum,2017,67.41
SJ-20215,Sarah Jordon,2015,5.90
FO-14305,Frank Olsen,2016,22.56
JH-15430,Jennifer Halladay,2014,18.79
MJ-17740,Max Jones,2015,-77.93
JL-15175,James Lanier,2016,-2.00
SS-20140,Saphhira Shifley,2016,6.55
GA-14725,Guy Armstrong,2015,11.54
GA-14515,George Ashbrook,2015,625.85
JH-15820,John Huston,2014,26.41
EM-13810,NA,2017,10.48
DO-13645,Doug OConnell,2017,267.03
MS-17770,Maxwell Schwartz,2015,209.33
RW-19540,Rick Wi lson,2015,-74.62
DA-13450,Dianna Arnett,2014,21.72
AA-10315,Alex Avila,2016,-747.09
FC-14335,Fred Chung,2014,112.57
JL-15850,John Lucas,2015,816.52
HA-14920,Helen Andreada,2017,12.71
EH-13945,Eric Hoffmann,2014,22.15
TD-20995,Tamara Dahlen,2014,9.23
JK-15325,Jason Klamczynski,2017,26.35
LA-16780,Laura Armstrong,2017,16.07
PO-18865,Patrick ODonnell,2014,132.18
EM-13825,Elizabeth Moffitt,2014,7.99
EM-14140,Eugene Moren,2017,76.76
AR-10405,Allen Rosenblatt,2017,-221.58
TW-21025,Tamara Willingham,2014,100.14
ML-17755,Max Ludwig,2016,63.83
CL-11890,Carl Ludwig,2014,-29.34
HA-14920,Helen Andreada,2014,-57.04
BK-11260,Berenike Kampe,2017,21.45
ES-14020,Erica Smith,2014,15.22
AR-10540,Andy Reiter,2016,9.53
NM-18520,Neoma Murray,2017,2.82
ND-18370,Natalie DeCherney,2017,-84.03
AP-10720,Anne Pryor,2014,54.65
RE-19405,Ricardo Emerson,2014,6.05
PW-19240,Pierre Wener,2015,1378.01
KH-16330,Katharine Harms,2017,150.46
JP-15520,Jeremy Pistek,2015,5.01
HK-14890,Heather Kirkland,2014,240.86
MA-17995,Michelle Arnett,2015,3.48
NM-18445,Nathan Mautz,2015,333.50
MH-18025,Michelle Huthwaite,2015,91.16
MH-17290,Marc Harrigan,2017,-42.62
AR-10825,Anthony Rawles,2015,9.33
RS-19765,Roland Schwarz,2017,649.38
TW-21025,Tamara Willingham,2015,610.30
DH-13075,Dave Hallsten,2017,106.98
EB-14110,Eugene Barchas,2015,44.54
ME-17725,Max Engle,2015,39.77
CG-12520,Claire Gute,2017,1.82
JM-15655,Jim Mitchum,2014,7.72
DB-13060,Dave Brooks,2017,-231.31
WB-21850,William Brown,2017,401.51
BM-11140,Becky Martin,2017,99.90
RD-19900,Ruben Dartt,2017,82.84
ES-14080,Erin Smith,2015,-27.16
CA-12310,Christine Abelman,2017,143.36
LW-17215,Luke Weiss,2017,67.07
JE-15745,Joel Eaton,2015,-507.06
JK-15325,Jason Klamczynski,2014,17.55
RO-19780,Rose OBrian,2015,-998.00
MG-17695,Maureen Gnade,2016,16.70
BP-11095,Bart Pistole,2014,131.71
MT-17815,Meg Tillman,2015,1.78
PK-19075,Pete Kriz,2017,1617.17
TT-21220,Thomas Thornton,2015,52.51
KM-16660,Khloe Miller,2017,41.49
AG-10525,Andy Gerbode,2015,-59.22
GW-14605,Giulietta Weimer,2017,-451.09
RD-19720,Roger Demir,2014,73.68
BN-11470,Brad Norvell,2015,4.09
FC-14245,Frank Carlisle,2017,209.40
TS-21430,Tom Stivers,2014,17.14
CM-11815,Candace McMahon,2017,185.93
KC-16255,Karen Carlisle,2015,279.99
CB-12025,Cassandra Brandow,2017,-239.46
MC-17575,Matt Collins,2015,62.77
MH-17440,Mark Haberlin,2014,48.85
AM-10360,Alice McCarthy,2017,-1.57
LH-17020,Lisa Hazard,2015,-27.00
JK-15730,Joe Kamberova,2016,194.58
AC-10450,Amy Cox,2014,84.00
LW-17215,Luke Weiss,2016,350.01
RO-19780,Rose OBrian,2017,-174.32
TT-21460,Tonja Turnell,2015,281.00
LW-16990,Lindsay Williams,2016,322.32
AJ-10780,Anthony Jacobs,2016,-5.70
VG-21790,Vivek Gonzalez,2016,18.48
AR-10540,Andy Reiter,2014,20.12
DG-13300,Deirdre Greer,2017,530.95
RD-19720,Roger Demir,2015,23.85
NP-18685,Nora Pelletier,2016,31.42
LC-17140,Logan Currie,2014,-26.60
SV-20365,Seth Vernon,2015,-191.64
AH-10030,Aaron Hawkins,2016,38.04
PT-19090,Pete Takahito,2017,5.50
DB-13120,David Bremer,2017,-1136.72
JO-15550,Jesus Ocampo,2015,153.91
JK-15370,Jay Kimmel,2014,129.54
MV-17485,Mark Van Huff,2017,68.79
SV-20815,Stuart Van,2017,4.20
PW-19030,Pauline Webber,2016,437.40
EB-13975,Erica Bern,2016,151.89
TS-21205,Thomas Seio,2017,286.36
JK-15370,Jay Kimmel,2015,37.34
VM-21835,Vivian Mathis,2016,103.16
JG-15115,Jack Garza,2014,734.70
JE-15610,Jim Epp,2015,-129.89
CS-12490,Cindy Schnelling,2015,-58.13
KE-16420,Kat rina Edelman,2016,19.00
SG-20080,Sandra Glassco,2015,352.20
NG-18355,Nat Gilpin,2015,8.05
HR-14830,Harold Ryan,2015,116.94
AM-10360,Alice McCarthy,2015,178.90
SS-20590,Sonia Sunley,2016,112.38
BF-11020,Barry Franzsisch,2015,269.31
RF-19840,Roy Franzsisch,2014,16.17
MH-17455,Mark Hamilton,2014,8.49
JM-15655,Jim Mitchum,2017,43.58
HG-15025,Hunter Glantz,2014,616.46
JW-16075,Julia West,2015,133.51
AJ-10780,Anthony Jacobs,2014,-56.95
PB-18805,Patrick Bzostek,2017,125.36
CT-11995,Carol Triggs,2016,-303.26
RO-19780,Rose OBrian,2016,-90.48
EC-14050,Erin Creighton,2017,57.37
CH-12070,Cathy Hwang,2016,126.90
JF-15295,Jason Fortune,2017,59.94
RC-19825,Roy Collins,2014,6.88
JS-15595,Ji Stevenson,2017,-53.73
MS-17710,Maurice Satty,2014,40.73
HK-14890,Heather Kirkland,2016,17.03
MA-17560,Matt Abelman,2015,619.07
RD-19810,Ross DeVincentis,2017,195.03
MW-18220,Mitch Webber,2015,24.50
Co-12640,CoreyLock,2016,19.19
EM-13825,Elizabeth Moffitt,2016,-8.32
KE-16420,Kat rina Edelman,2014,161.63
MF-17665,Maureen Fritzler,2016,118.46
EB-13705,Ed Braxton,2015,47.96
BF-11020,Barry Franzsisch,2014,7.21
BO-11425,Bobby Odegard,2017,57.39
AS-10045,Aaron Smayling,2016,92.14
SH-20635,Stefanie Holloman,2014,70.20
DK-13375,Dennis Kane,2014,109.61
DS-13030,Darrin Sayre,2017,164.31
EB-13870,Emily Burns,2015,242.30
CC-12145,Charles Crestani,2015,297.36
KM-16660,Khloe Miller,2014,3.00
MO-17800,Meg OConnel,2017,180.45
EK-13795,Eileen Kiefer,2015,20.54
AA-10480,Andrew Allen,2017,5.44
KW-16435,Kat rina Willman,2015,1600.85
DB-13615,Doug Bickford,2016,22.73
DM-13345,Denise Monton,2015,2.84
GZ-14545,George Zrebassa,2017,816.17
BT-11485,Brad Thomas,2016,9.48
TH-21550,Tracy Hopkins,2015,391.56
SS-20140,Saphhira Shifley,2017,387.73
SS-20590,Sonia Sunley,2014,15.51
JO-15280,Jas OCarroll,2015,203.94
DW-13585,Dorothy Wardle,2016,92.61
TB-21190,Thomas Brumley,2015,3.06
KD-16495,Keith Dawkins,2016,58.72
LT-17110,Liz Thompson,2016,28.38
RA-19915,Russell Applegate,2017,29.55
AS-10135,Adrian Shami,2016,1.50
TB-21280,Toby Braunhardt,2014,200.15
VT-21700,Valerie Takahito,2015,-257.93
FM-14215,Filia McAdams,2017,-24.75
DB-12910,Daniel Byrd,2016,146.83
SG-20605,Speros Goranitis,2014,274.85
FC-14245,Frank Carlisle,2016,972.25
JS-15880,John Stevenson,2016,266.74
CS-12400,Christopher Schild,2014,80.63
DO-13645,Doug OConnell,2015,26.82
IL-15100,Ivan Liston,2015,656.68
SF-20200,Sarah Foster,2016,21.14
CK-12325,Christine Kargatis,2016,59.08
BG-11695,Brooke Gillingham,2017,11.66
NC-18535,Nick Crebassa,2014,690.20
SS-20515,Shirley Schmidt,2014,11.05
LB-16735,Larry Blacks,2016,10.74
JD-15790,John Dryer,2017,10.49
CC-12550,Clay Cheatham,2017,34.30
TB-21190,Thomas Brumley,2017,13.98
DM-13525,Don Miller,2015,167.54
TS-21370,Todd Sumrall,2015,1135.10
CS-12130,Chad Sievert,2016,13.75
PB-19105,Peter Bhler,2014,204.07
EB-14170,Evan Bailliet,2017,3.52
MG-17875,Michael Grace,2015,-499.05
TC-21475,Tony Chapman,2017,76.21
MG-17890,Michael Granlund,2014,-4.80
ML-17755,Max Ludwig,2017,346.16
TB-21055,Ted Butterfield,2017,122.05
JE-15715,Joe Elijah,2015,50.83
MM-17920,Michael Moore,2017,-48.11
VP-21730,Victor Preis,2017,196.46
CB-12025,Cassandra Brandow,2015,223.45
