Customer_ID,Customer_Name,Country
PW-19240,Pierre Wener,United States
GH-14410,Gary Hansen,United States
KL-16555,Kelly Lampkin,United States
AH-10075,Adam Hart,United States
PF-19165,Philip Fox,United States
SC-20680,Steve Carroll,United States
JR-15700,Jocasta Rupert,United States
AB-10105,Adrian Barton,United States
PT-19090,Pete Takahito,United States
SG-20605,Speros Goranitis,United States
MH-17785,Maya Herman,United States
KB-16240,Karen Bern,United States
JM-15535,Jessica Myrick,United States
JH-16180,Justin Hirsh,United States
CS-12400,Christopher Schild,United States
LR-17035,Lisa Ryan,United States
TW-21025,Tamara Willingham,United States
SR-20425,Sharelle Roach,United States
AS-10285,Alejandro Savely,United States
KB-16405,Kat rina Bavinger,United States
DW-13480,Dianna Wilson,United States
JG-15310,Jason Gross,United States
TS-21085,Thais Sissman,United States
KN-16705,Kristina Nunn,United States
CM-12115,Chad McGuire,United States
KM-16660,Khloe Miller,United States
HL-15040,Hunter Lopez,United States
SN-20560,Skye Norling,United States
EH-13945,Eric Hoffmann,United States
FO-14305,Frank Olsen,United States
MO-17500,Mary ORourke,United States
CM-12190,Charlotte Melton,United States
MW-18235,Mitch Willingham,United States
JL-15505,Jeremy Lonsdale,United States
MA-17560,Matt Abelman,United States
GK-14620,Grace Kelly,United States
VM-21685,Valerie Mitchum,United States
AM-10360,Alice McCarthy,United States
JH-15820,John Huston,United States
JJ-15445,Jennifer Jackson,United States
TB-21520,Tracy Blumstein,United States
HR-14770,Hallie Redmond,United States
AG-10675,Anna Gayman,United States
AS-10630,Ann Steele,United States
TH-21115,Thea Hudgings,United States
CS-11950,Carlos Soltero,United States
DV-13465,Dianna Vittorini,United States
NC-18625,Noah Childs,United States
FA-14230,Frank Atkinson,United States
JK-15625,Jim Karlsson,United States
MS-17980,Michael Stewart,United States
XP-21865,Xylona Preis,United States
MV-18190,Mike Vitt orini,United States
KD-16495,Keith Dawkins,United States
RD-19930,Russell DAscenzo,United States
BE-11455,Brad Eason,United States
GM-14695,Greg Maxwell,United States
AS-10135,Adrian Shami,United States
MT-18070,Michelle Tran,United States
HE-14800,Harold Engle,United States
NP-18670,Nra Paige,United States
TH-21550,Tracy Hopkins,United States
RD-19585,Rob Dowd,United States
CD-12280,Christina DeMoss,United States
JK-15370,Jay Kimmel,United States
MM-18055,Michelle Moray,United States
JG-15115,Jack Garza,United States
ML-18265,Muhammed Lee,United States
LS-17230,Lycoris Saunders,United States
SC-20095,Sanjit Chand,United States
MD-17860,Michael Dominguez,United States
KM-16720,Kunst Miller,United States
JM-15655,Jim Mitchum,United States
MG-18145,Mike Gockenbach,United States
CK-12760,Cyma Kinney,United States
RM-19750,Roland Murray,United States
GZ-14545,George Zrebassa,United States
RA-19285,Ralph Arnett,United States
LS-16945,Linda Southworth,United States
MG-17695,Maureen Gnade,United States
AR-10570,Anemone Ratner,United States
BM-11140,Becky Martin,United States
CV-12295,Christina VanderZanden,United States
SW-20275,Scott Williamson,United States
TS-21340,Toby Swindell,United States
FM-14290,Frank Merwin,United States
MP-17470,Mark Packer,United States
AB-10060,Adam Bellavance,United States
JE-15745,Joel Eaton,United States
AB-10150,Aimee Bixby,United States
AH-10030,Aaron Hawkins,United States
BT-11485,Brad Thomas,United States
SS-20515,Shirley Schmidt,United States
MP-17965,Michael Paige,United States
CP-12085,Cathy Prescott,United States
QJ-19255,Quincy Jones,United States
DB-13615,Doug Bickford,United States
ML-17410,Maris LaWare,United States
HW-14935,Helen Waerman,United States
RL-19615,Rob Lucas,United States
NK-18490,Neil Knudson,United States
AR-10405,Allen Rosenblatt,United States
AB-10600,Ann Blume,United States
SK-19990,Sally Knutson,United States
MC-17575,Matt Collins,United States
AB-10015,Aaron Bergman,United States
LL-16840,Lauren Leatherbury,United States
SP-20860,Sung Pak,United States
CR-12730,Craig Reiter,United States
SS-20590,Sonia Sunley,United States
BK-11260,Berenike Kampe,United States
SM-20950,Suzanne McNair,United States
RD-19810,Ross DeVincentis,United States
BH-11710,Brosina Hoffman,United States
BS-11380,Bil Stewart,United States
SB-20170,Sarah Bern,United States
CM-12655,Corinna Mitchell,United States
JF-15295,Jason Fortune,United States
CJ-11875,Carl Jackson,United States
DK-13150,David K lendrick,United States
RR-19315,Ralph Ritter,United States
RP-19855,Roy Phan,United States
TS-21655,Trudy Schmidt,United States
JB-16045,Julia Barnett,United States
LB-16735,Larry Blacks,United States
AG-10270,Alejandro Grove,United States
CS-12505,Cindy Stewart,United States
RA-19945,Ryan Akin,United States
AM-10705,Anne McFarland,United States
CW-11905,Carl Weiss,United States
MO-17950,Michael Oakman,United States
BC-11125,Becky Castell,United States
TH-21235,Tiffany House,United States
KL-16645,Ken Lonsdale,United States
CR-12820,Cyra Reiten,United States
GA-14725,Guy Armstrong,United States
EA-14035,Erin Ashbrook,United States
BO-11350,Bil Overfelt,United States
IM-15070,Irene Maddox,United States
NB-18655,Nona Balk,United States
MB-18085,Mick Brown,United States
JJ-15760,Joel Jenkins,United States
RS-19420,Ricardo Sperren,United States
PO-18850,Patrick OBrill,United States
PS-18970,Paul Stevenson,United States
AZ-10750,Annie Zypern,United States
JH-15910,Jonathan Howell,United States
RK-19300,Ralph Kennedy,United States
AI-10855,Arianne Irving,United States
AH-10195,Alan Haines,United States
NM-18445,Nathan Mautz,United States
TT-21070,Ted Trevino,United States
LW-16825,Laurel Workman,United States
JM-15265,Janet Molinari,United States
PB-19105,Peter Bhler,United States
RH-19510,Rick Huthwaite,United States
PL-18925,Paul Lucas,United States
VB-21745,Victo ria Brennan,United States
BE-11335,Bil Eplett,United States
LM-17065,Liz MacKendrick,United States
MZ-17335,Maria Zettner,United States
BS-11665,Brian Stugart,United States
SG-20470,Sheri Gordon,United States
VT-21700,Valerie Takahito,United States
LC-16960,Lindsay Castell,United States
BP-11290,Beth Paige,United States
NF-18595,Nicole Fjeld,United States
AA-10480,Andrew Allen,United States
BP-11185,Ben Peterman,United States
JL-15130,Jack Lebron,United States
SF-20200,Sarah Foster,United States
IM-15055,Ionia McGrath,United States
HG-14845,Harry Greene,United States
DL-13495,Dionis Lloyd,United States
LP-17080,Liz Pelletier,United States
JE-15475,Jeremy Ellison,United States
DB-12910,Daniel Byrd,United States
KM-16225,Kalyca Meade,United States
MB-17305,Maria Bertelson,United States
LO-17170,Lori Olson,United States
RO-19780,Rose OBrian,United States
AT-10735,Annie Thurman,United States
MW-18220,Mitch Webber,United States
TM-21490,Tony Molinari,United States
SV-20785,Stewart Visinsky,United States
NP-18685,Nora Pelletier,United States
AG-10495,Andrew Gjertsen,United States
CP-12340,Christine Phan,United States
GZ-14470,Gary Zandusky,United States
MC-17425,Mark Cousins,United States
DW-13195,David Wiener,United States
NH-18610,Nicole Hansen,United States
DL-12865,Dan Lawera,United States
JD-15790,John Dryer,United States
PV-18985,PaulVan Hugh,United States
CS-11860,Cari Schnelling,United States
NF-18385,Natalie Fritzler,United States
JG-15160,James Galang,United States
NC-18535,Nick Crebassa,United States
JK-15640,Jim Kriz,United States
BS-11365,Bi l Shonely,United States
TS-21610,Troy Staebel,United States
BT-11530,Bradley Talbott,United States
Dl-13600,Dorris liebe,United States
RF-19345,Randy Ferguson,United States
CM-11935,Carlos Meador,United States
RB-19795,Ross Baird,United States
CJ-12010,Caroline Jumper,United States
ND-18370,Natalie DeCherney,United States
CM-12715,Craig M olinari,United States
VM-21835,Vivian Mathis,United States
ER-13855,Elpida Rittenbach,United States
SS-20875,Sung Shariari,United States
RR-19525,Rick Reed,United States
HP-14815,Harold Pawlan,United States
LB-16795,Laurel Beltran,United States
HK-14890,Heather Kirkland,United States
MJ-17740,Max Jones,United States
CL-11890,Carl Ludwig,United States
MM-17920,Michael Moore,United States
HR-14830,Harold Ryan,United States
JD-15895,Jonathan Doherty,United States
MC-17605,Matt Connell,United States
DB-13405,Denny Blanton,United States
MG-18205,Mitch Gastineau,United States
BF-11215,Benjamin Farhat,United States
AG-10525,Andy Gerbode,United States
LF-17185,Luke Foster,United States
MK-18160,Mike Kennedy,United States
JD-16015,Joy Daniels,United States
EM-14200,Evan Minnotte,United States
FH-14275,Frank Hawley,United States
CR-12625,Corey Roper,United States
NL-18310,Nancy Lomonaco,United States
KM-16375,Katherine Murray,United States
TB-21175,Thomas Boland,United States
NF-18475,Neil Franzsisch,United States
DR-12880,Dan Reichenbach,United States
LH-16750,Larry Hughes,United States
BG-11695,Brooke Gillingham,United States
SC-20800,Stuart Calhoun,United States
PF-19120,Peter Fuller,United States
DH-13675,Duane Huffman,United States
TC-20980,Tamara Chand,United States
AC-10420,Alyssa Crouse,United States
MZ-17515,Mary Zewe,United States
AT-10435,Alyssa Tate,United States
DA-13450,Dianna Arnett,United States
SH-20395,ShahiHopkins,United States
AS-10090,Adam Shillingsburg,United States
NC-18415,Nathan Cano,United States
RB-19705,Roger Barcio,United States
DS-13180,David Smith,United States
PR-18880,Patrick Ryan,United States
MC-17275,Marc Crier,United States
SC-20845,Sung Chung,United States
RH-19555,Ritsa Hightower,United States
CD-11920,Carlos Daly,United States
DJ-13630,Doug Jacobs,United States
ME-17320,Maria Etezadi,United States
SB-20290,Sean Braxton,United States
JM-16195,Justin MacKendrick,United States
MS-17710,Maurice Satty,United States
MC-18130,Mike Caudle,United States
PC-19000,Pauline Chand,United States
SE-20110,Sanjit Engle,United States
EM-13810,null,United States
MK-17905,Michael Kennedy,United States
TT-21460,Tonja Turnell,United States
GA-14515,George Ashbrook,United States
CR-12580,Clay Rozendal,United States
MH-17455,Mark Hamilton,United States
EL-13735,Ed Ludwig,United States
CL-12700,Craig Leslie,United States
JE-16165,Justin Ellison,United States
CT-11995,Carol Triggs,United States
NW-18400,Natalie Webber,United States
KH-16360,Katherine Hughes,United States
BD-11560,Brendan Dodson,United States
CD-11980,Carol Darley,United States
PK-19075,Pete Kriz,United States
DK-12985,Darren Koutras,United States
KC-16540,Kelly Collister,United States
MV-17485,Mark Van Huff,United States
SM-20320,Sean Miller,United States
VD-21670,Valerie Dominguez,United States
FM-14380,Fred McMath,United States
AD-10180,Alan Dominguez,United States
NZ-18565,Nick Zandusky,United States
EB-13930,Eric Barreto,United States
BD-11620,Brian DeCherney,United States
KT-16465,Kean Takahito,United States
RE-19405,Ricardo Emerson,United States
VW-21775,Victoria Wilson,United States
KD-16615,null,United States
BO-11425,Bobby Odegard,United States
VG-21805,Vivek Grady,United States
ES-14080,Erin Smith,United States
TD-20995,Tamara Dahlen,United States
PS-18760,Pamela Stobb,United States
DB-13555,Dorothy Badders,United States
SW-20755,Steven Ward,United States
SZ-20035,Sam Zeldin,United States
JH-15985,Joseph Holt,United States
GB-14575,Giulietta Baptist,United States
RH-19495,Rick Hansen,United States
LT-17110,Liz Thompson,United States
FH-14365,Fred Hopkins,United States
TS-21370,Todd Sumrall,United States
NG-18430,Nathan Gelder,United States
HM-14980,Henry MacAllister,United States
AR-10540,Andy Reiter,United States
DF-13135,David Flashing,United States
TB-21400,Tom Boeckenhauer,United States
TB-21595,Troy Blackwell,United States
GH-14665,Greg Hansen,United States
TP-21565,Tracy P oddar,United States
LS-16975,Lindsay Shagiari,United States
MH-18025,Michelle Huthwaite,United States
LH-17155,Logan Haushalter,United States
ML-17395,Marina Lichtenstein,United States
LC-16870,null,United States
MC-17635,Matthew Clasen,United States
AG-10900,Arthur Gainer,United States
PH-18790,Patricia Hirasaki,United States
MH-17620,Matt Hagelstein,United States
GH-14485,Gene Hale,United States
EH-14185,Evan Henry,United States
EB-13870,Emily Burns,United States
TG-21310,Toby Gnade,United States
AG-10765,Anthony Garverick,United States
EK-13795,Eileen Kiefer,United States
RP-19390,Resi Plking,United States
SC-20230,Scot Coram,United States
RD-19720,Roger Demir,United States
MT-17815,Meg Tillman,United States
DO-13645,Doug OConnell,United States
KB-16315,Karl Braun,United States
DK-13225,Dean Katz,United States
OT-18730,Olvera Toch,United States
DW-13585,Dorothy Wardle,United States
RM-19375,Raymond Messe,United States
JB-16000,Joy Bell,United States
AP-10915,Arthur Prichep,United States
JO-15145,Jack OBriant,United States
BF-11170,Ben Ferrer,United States
KB-16585,Ken Black,United States
RB-19645,Robert Barroso,United States
JG-15805,John Grady,United States
DB-13270,Deborah Brumfield,United States
RC-19825,Roy Collins,United States
ME-17725,Max Engle,United States
EB-14110,Eugene Barchas,United States
IG-15085,Ivan Gibson,United States
MF-18250,Monica Federle,United States
AS-10045,Aaron Smayling,United States
RC-19960,Ryan Crowe,United States
MN-17935,Michael Nguyen,United States
BE-11410,Bobby Elias,United States
CG-12040,Catherine Glotzbach,United States
PA-19060,Pete Armstrong,United States
MS-17530,MaryBeth Skach,United States
LC-17050,Liz Carlisle,United States
DK-13375,Dennis Kane,United States
HD-14785,Harold Dahlen,United States
TZ-21580,Tracy Zic,United States
PO-19180,Philisse Overcash,United States
SM-20005,Sally Matthias,United States
RF-19840,Roy Franzsisch,United States
ML-18040,Michelle Lonsdale,United States
JP-15460,Jennifer Patt,United States
YC-21895,Yoseph Carroll,United States
JK-16090,Juliana Krohn,United States
SB-20185,Sarah Brown,United States
JW-15220,Jane Waco,United States
CV-12805,Cynthia Voltz,United States
EC-14050,Erin Creighton,United States
MS-17830,Melanie Seite,United States
BS-11590,Brendan Sweed,United States
KD-16270,Karen Danels,United States
JF-15415,Jennifer Ferguson,United States
AP-10720,Anne Pryor,United States
SJ-20215,Sarah Jordon,United States
ME-18010,Michelle Ellison,United States
JF-15565,Jill Fjeld,United States
CS-12250,Chris Selesnick,United States
AF-10885,Art Foster,United States
GM-14455,Gary Mitchum,United States
JM-15580,Jill Matthias,United States
JP-16135,Julie Prescott,United States
CM-12385,Christopher Martinez,United States
BS-11800,Bryan Spruell,United States
BG-11035,Barry Gonzalez,United States
JK-15325,Jason Klamczynski,United States
BW-11200,Ben Wallace,United States
KN-16390,Katherine Nockton,United States
LW-16990,Lindsay Williams,United States
YS-21880,Yana Sorensen,United States
EH-14125,Eugene Hildebrand,United States
BT-11305,Beth Thompson,United States
EB-13750,Edward Becker,United States
KH-16630,Ken Heidel,United States
EM-14095,Eudokia Martin,United States
MH-17290,Marc Harrigan,United States
AR-10510,Andrew Roberts,United States
TC-21295,Toby Carlisle,United States
FC-14335,Fred Chung,United States
JR-16210,Justin Ritter,United States
DP-13105,Dave Poirier,United States
KS-16300,Karen Seio,United States
DW-13540,Don Weiss,United States
PJ-19015,Pauline Johnson,United States
JS-15940,Joni Sundaresam,United States
SG-20080,Sandra Glassco,United States
AG-10390,Allen Goldenen,United States
NG-18355,Nat Gilpin,United States
TP-21415,Tom Prescott,United States
KW-16570,Kelly Williams,United States
SW-20350,Sean Wendt,United States
VS-21820,Vivek Sundaresam,United States
DR-12940,Daniel Raglin,United States
KN-16450,Kean Nguyen,United States
RM-19675,Robert Marley,United States
CB-12415,Christy Brittain,United States
BD-11725,Bruce Degenhardt,United States
BP-11155,Becky Pak,United States
NP-18325,null,United States
MH-18115,Mick Hernandez,United States
DJ-13420,Denny Joy,United States
DM-12955,Dario Medina,United States
GP-14740,Guy Phonely,United States
BN-11470,Brad Norvell,United States
SG-20890,Susan Gilcrest,United States
TP-21130,Theone Pippenger,United States
DK-13090,Dave Kipp,United States
BB-11545,Brenda Bowman,United States
BG-11740,Bruce Geld,United States
JW-15955,Joni Waerman,United States
SN-20710,Steve Nguyen,United States
AA-10375,Allen Armold,United States
GR-14560,Georgia Rosenberg,United States
SR-20740,Steven Roelle,United States
TT-21265,Tim Taslimi,United States
EG-13900,Emily Grady,United States
BD-11500,Bradley Drucker,United States
CM-12235,Chris McAfee,United States
TC-21475,Tony Chapman,United States
CC-12220,Chris Cortes,United States
JC-16105,Julie Creighton,United States
NC-18340,Nat Carroll,United States
FW-14395,Fred Waerman,United States
CA-12775,Cynthia Arntzen,United States
TB-21250,Tim Brockman,United States
PB-19150,Philip Brown,United States
AB-10165,Alan Barnes,United States
AJ-10960,Astrea Jones,United States
CB-12535,Claudia Bergmann,United States
HH-15010,Hilary Holden,United States
SP-20920,Susan Pistek,United States
DL-13315,Delfina Latchford,United States
TB-21355,Todd Boyes,United States
MY-17380,Maribeth Yedwab,United States
MS-17770,Maxwell Schwartz,United States
KA-16525,Kelly Andreada,United States
EJ-13720,Ed Jacobs,United States
SC-20020,Sam Craven,United States
PB-19210,Phillip Breyer,United States
SL-20155,Sara Luxemburg,United States
SC-20050,Sample Company A,United States
AH-10585,Angele Hood,United States
SS-20410,ShahiShariari,United States
ST-20530,Shui Tom,United States
BW-11110,Bart Watters,United States
DB-13120,David Bremer,United States
BT-11680,Brian Thompson,United States
PG-18895,Paul Gonzalez,United States
LW-17125,Liz Willingham,United States
TN-21040,Tanja Norvell,United States
CS-12175,Charles Sheldon,United States
JS-16030,Joy Smith,United States
LS-17200,Luke Schmidt,United States
RS-19870,Roy Skaria,United States
DJ-13510,Don Jones,United States
RF-19735,Roland Fjeld,United States
GT-14635,Grant Thornton,United States
ZC-21910,Zuschuss Carroll,United States
AG-10300,Aleksandra Gannaway,United States
SP-20650,Stephanie Phelps,United States
CA-12055,Cthy Armstrong,United States
MM-17260,Magdelene Morse,United States
JS-15880,John Stevenson,United States
PM-19135,Peter McVee,United States
HG-14965,Henry Goldwyn,United States
SW-20455,Shaun Weien,United States
RB-19330,Randy Bradley,United States
JK-15205,Jamie Kunitz,United States
AJ-10795,Anthony Johnson,United States
MC-18100,Mick Crebagga,United States
EM-13825,Elizabeth Moffitt,United States
RP-19270,Rachel Payne,United States
AC-10660,Anna Chung,United States
TA-21385,Tom Ashbrook,United States
HM-14860,Harry Marie,United States
RH-19600,Rob Haberlin,United States
BP-11230,Benjamin Patterson,United States
CA-11965,Carol Adams,United States
CC-12430,Chuck Clark,United States
EB-14170,Evan Bailliet,United States
MC-17590,Matt Collister,United States
MF-17665,Maureen Fritzler,United States
TB-21280,Toby Braunhardt,United States
JM-15250,Janet Martin,United States
SC-20305,Sean Christensen,United States
NM-18520,Neoma Murray,United States
TM-21010,Tamara Manning,United States
AW-10930,Arthur Wiediger,United States
MY-18295,Muhammed YeDwab,United States
DK-12895,Dana Kaydos,United States
AW-10840,Anth ony Witt,United States
EH-13990,Erica Hackney,United States
BM-11650,Brian Moss,United States
RW-19690,Robert Waldorf,United States
GM-14440,Gary McGarr,United States
BN-11515,Bradley Nguyen,United States
DN-13690,Duane Noonan,United States
AF-10870,Art Ferguson,United States
MG-17875,Michael Grace,United States
RE-19450,Richard Eichhorn,United States
DP-13390,Dennis Pardue,United States
MP-18175,Mike Pelletier,United States
CS-11845,Cari Sayre,United States
JE-15715,Joe Elijah,United States
GT-14755,Guy Thornton,United States
FC-14245,Frank Carlisle,United States
GM-14680,Greg Matthias,United States
BF-11080,Bart Folk,United States
BS-11755,Bruce Stewart,United States
TB-21055,Ted Butterfield,United States
LT-16765,Larry Tron,United States
LC-16930,Linda Cazamias,United States
TB-21190,Thomas Brumley,United States
GB-14530,Ge orge Bell,United States
RD-19660,Robert Dilbeck,United States
EJ-14155,Eva Jacobs,United States
KD-16345,Katherine Ducich,United States
DB-12970,Darren Budd,United States
KE-16420,Kat rina Edelman,United States
ED-13885,null,United States
DL-13330,Denise Leinenbach,United States
RB-19435,Richard Bierner,United States
JO-15550,Jesus Ocampo,United States
CC-12475,Cindy Chapman,United States
BM-11575,Brendan Murry,United States
Dp-13240,Dean perceR,United States
BF-11005,Barry Franz,United States
LS-17245,Lynn Smith,United States
GD-14590,Giulietta Dortch,United States
PM-18940,Paul MacIntyre,United States
SC-20260,Scott Cohen,United States
JF-15190,Jamie Frazer,United States
DC-12850,Dan Campbell,United States
EH-13765,Edward Hooks,United States
SH-20635,Stefanie Holloman,United States
LD-16855,Lela Donovan,United States
JC-15775,John Castell,United States
SH-19975,null,United States
VP-21730,Victor Preis,United States
CS-12355,Christine Sundaresam,United States
SP-20620,Stefania Perrino,United States
AS-10240,Alan Shonely,United States
JD-16060,Julia Dunbar,United States
GM-14500,Gene McClure,United States
DS-13030,Darrin Sayre,United States
CG-12520,Claire Gute,United States
MH-17440,Mark Haberlin,United States
SS-20140,Saphhira Shifley,United States
SM-20905,Susan MacKendrick,United States
DB-13660,Duane Benoit,United States
BF-11020,Barry Franzsisch,United States
LP-17095,Liz Preis,United States
DE-13255,null,United States
EB-13840,Ellis Ballard,United States
LC-16885,Lena Creighton,United States
SV-20815,Stuart Van,United States
CA-12265,Christina Anderson,United States
GW-14605,Giulietta Weimer,United States
SV-20365,Seth Vernon,United States
KH-16510,Keith Herrera,United States
HG-15025,Hunter Glantz,United States
TS-21430,Tom Stivers,United States
HZ-14950,Henia Zydlo,United States
TB-21625,Trudy Brown,United States
KT-16480,Kean Thornton,United States
TC-21145,Theresa Coyne,United States
NS-18640,Noel Staavos,United States
AS-10225,Alan Schoenberger,United States
BB-10990,Barry Blumstein,United States
LA-16780,Laura Armstrong,United States
AG-10330,Alex Grayson,United States
DG-13300,Deirdre Greer,United States
LE-16810,Laurel Elliston,United States
JF-15490,Jeremy Farry,United States
NB-18580,Nicole Brennan,United States
GG-14650,Greg Guthrie,United States
DL-12925,Daniel Lacy,United States
TS-21505,null,United States
DO-13435,Denny Ordway,United States
BD-11635,Brian Derr,United States
JP-15520,Jeremy Pistek,United States
CC-12550,Clay Cheatham,United States
HJ-14875,Heather Jas,United States
JD-16150,Justin Deggeller,United States
JL-15835,John Lee,United States
KC-16675,Kimberly Carter,United States
RB-19570,Rob Beeghly,United States
BP-11095,Bart Pistole,United States
CC-12610,Corey Catlett,United States
RA-19885,Ruben Ausman,United States
Co-12640,CoreyLock,United States
JE-15610,Jim Epp,United States
VF-21715,Vicky Freymann,United States
EP-13915,Emily Phan,United States
FG-14260,Frank Gastineau,United States
SC-20440,Shaun Chance,United States
BT-11440,Bobby Trafton,United States
DH-13075,Dave Hallsten,United States
RS-19765,Roland Schwarz,United States
ON-18715,Odella Nelson,United States
JL-15850,John Lucas,United States
DM-13345,Denise Monton,United States
CC-12370,Christopher Conant,United States
LD-17005,Lisa DeCherney,United States
KB-16600,Ken Brennan,United States
JR-15670,Jim Radford,United States
CK-12325,Christine Kargatis,United States
JM-15865,John Murray,United States
SC-20695,Steve Chapman,United States
JB-15925,Joni Blumstein,United States
JK-15730,Joe Kamberova,United States
DB-13360,Dennis Bolton,United States
JH-15430,Jennifer Halladay,United States
SW-20245,Scot Wooten,United States
MG-17680,Maureen Gastineau,United States
AA-10315,Alex Avila,United States
WB-21850,William Brown,United States
BW-11065,Barry Weirich,United States
RW-19630,Rob Williams,United States
DP-13000,Darren Powers,United States
HA-14905,Helen Abelman,United States
TH-21100,Thea Hendricks,United States
MG-17890,Michael Granlund,United States
SC-20575,Sonia Cooley,United States
ND-18460,Neil Ducich,United States
AH-10120,Adrian Hane,United States
DD-13570,Dorothy Dickinson,United States
KW-16435,Kat rina Willman,United States
ES-14020,Erica Smith,United States
ZD-21925,Zuschuss Donatelli,United States
SC-20725,Steven Cartwright,United States
CM-12160,Charles McCrossin,United States
MO-17800,Meg OConnel,United States
MS-17365,Maribeth chnelling,United States
KH-16330,Katharine Harms,United States
CM-11815,Candace McMahon,United States
FH-14350,Fred Harton,United States
MA-17995,Michelle Arnett,United States
EH-14005,Erica Hernandez,United States
SJ-20125,Sanjit Jacobs,United States
RB-19360,Raymond Buch,United States
SA-20830,Sue Ann Reed,United States
MG-17650,Matthew Grinstein,United States
CK-12595,Clytie Kelty,United States
PG-18820,Patrick Gardner,United States
PW-19030,Pauline Webber,United States
PO-18865,Patrick ODonnell,United States
EB-13705,Ed Braxton,United States
SU-20665,Stephanie Ulpright,United States
LW-17215,Luke Weiss,United States
LH-16900,Lena Hernandez,United States
KF-16285,Karen Ferguson,United States
BT-11395,Bil Tyler,United States
CC-12685,Craig Carroll,United States
JC-15340,Jasper Cacioppo,United States
KC-16255,Karen Carlisle,United States
CK-12205,Chloris Kastensmidt,United States
MR-17545,Mathew Reese,United States
BD-11320,Bil Donatelli,United States
JC-15385,Jenna Caffey,United States
PC-18745,Pamela Coakley,United States
TT-21220,Thomas Thornton,United States
HA-14920,Helen Andreada,United States
AC-10615,Ann Chong,United States
PJ-18835,Patrick Jones,United States
JW-16075,Julia West,United States
RA-19915,Russell Applegate,United States
DK-12835,Damala Kotsonis,United States
AJ-10780,Anthony Jacobs,United States
AY-10555,Andy Yotov,United States
RB-19465,Rick Bensley,United States
VG-21790,Vivek Gonzalez,United States
JA-15970,Joseph Airdo,United States
PS-19045,Penelope Sewall,United States
SJ-20500,Shirley Jackson,United States
PF-19225,Phillip Flathmann,United States
PP-18955,Paul Prost,United States
MD-17350,Maribeth Dona,United States
BV-11245,Benjamin Venier,United States
LR-16915,Lena Radford,United States
AH-10465,Amy Hunt,United States
PN-18775,Parhena Norris,United States
BM-11785,Bryan Mills,United States
DC-13285,Debra Catini,United States
EM-14140,Eugene Moren,United States
CS-12460,Chuck Sachs,United States
CH-12070,Cathy Hwang,United States
JS-15595,Ji Stevenson,United States
TC-21535,Tracy Collins,United States
CS-12490,Cindy Schnelling,United States
CM-12445,Chuck Magee,United States
CC-12100,Chad Cunningham,United States
SP-20545,Sibella Parks,United States
AB-10255,Alejandro Ballentine,United States
NP-18700,Nora Preis,United States
JO-15280,Jas OCarroll,United States
SF-20965,Sylvia Foulston,United States
MC-17845,Michael Chen,United States
AH-10210,Alan Hwang,United States
BF-10975,Barbara Fisher,United States
VP-21760,Victoria Pisteka,United States
SC-20770,Stewart Carmichael,United States
DB-13060,Dave Brooks,United States
HF-14995,Herbert Flentye,United States
DV-13045,Darrin Van Huff,United States
JL-15235,Janet Lee,United States
SV-20935,Susan Vittorini,United States
DP-13165,David Philippe,United States
CD-12790,Cynthia Delaney,United States
TS-21160,Theresa Swint,United States
AR-10825,Anthony Rawles,United States
IL-15100,Ivan Liston,United States
EM-14065,ErinMull,United States
GH-14425,Gary Hwang,United States
FP-14320,Frank Preis,United States
NR-18550,Nick Radford,United States
TG-21640,Trudy Glocke,United States
EB-13975,Erica Bern,United States
FM-14215,Filia McAdams,United States
CS-12130,Chad Sievert,United States
CA-12310,Christine Abelman,United States
DB-13210,Dean Braden,United States
DM-13015,Darrin Martin,United States
BF-11275,Beth Fritzler,United States
JF-15355,Jay Fein,United States
SD-20485,Shirley Daniels,United States
JK-16120,Julie Kriz,United States
RD-19480,Rick Duston,United States
SC-20380,ShahiCollister,United States
SO-20335,Sean ODonnell,United States
DM-13525,Don Miller,United States
BP-11050,Barry Pond,United States
ML-17755,Max Ludwig,United States
AC-10450,Amy Cox,United States
AO-10810,Anthony ODonnell,United States
RD-19900,Ruben Dartt,United States
AR-10345,Alex Russell,United States
KH-16690,Kristen Hastings,United States
CB-12025,Cassandra Brandow,United States
TS-21205,Thomas Seio,United States
RW-19540,Rick Wi lson,United States
JB-15400,Jennifer Braxton,United States
CC-12670,Craig Carreira,United States
LH-17020,Lisa Hazard,United States
CY-12745,Craig Yedwab,United States
PO-19195,Phillina Ober,United States
BD-11605,Brian Dahlen,United States
SF-20065,Sandra Flanagan,United States
AA-10645,Anna Andreadi,United States
GT-14710,Greg Tran,United States
PK-18910,Paul Knutson,United States
JL-15175,James Lanier,United States
BD-11770,Bryan Davis,United States
PB-18805,Patrick Bzostek,United States
AH-10690,Anna Hberlin,United States
AJ-10945,Ashley Jarboe,United States
JS-15685,Jim Sink,United States
EM-13960,Eric Murdock,United States
CL-12565,Clay Ludtke,United States
EN-13780,Edward Nazzal,United States
TR-21325,Toby Ritter,United States
MM-18280,Muhammed MacIntyre,United States
CC-12145,Charles Crestani,United States
NS-18505,Neola Schneider,United States
LC-17140,Logan Currie,United States
